transaction_ref,account_number,transaction_date,amount,currency,transaction_type,description,channel,country
TXN0000001,ACC0000058,2024-12-19 05:44:00,426431.79,XAF,DEBIT,Achat Jumia en ligne,ATM,Cameroon
TXN0000002,ACC0000008,2024-09-20 21:40:00,488892.46,XAF,DEBIT,Virement – Douala,WEB,Cameroon
TXN0000003,ACC0000057,2024-09-09 04:04:00,613969.24,XAF,DEBIT,Intérêts crédités mensuel,MOBILE,Cameroon
TXN0000004,ACC0000087,2024-12-25 11:23:00,75810.5,XAF,DEBIT,Paiement ENEO – Yaoundé,TRANSFER,Cameroon
TXN0000005,ACC0000036,2024-11-03 03:01:00,12726.58,XAF,CREDIT,Paiement ENEO,ATM,Cameroon
TXN0000006,ACC0000091,2024-12-24 06:39:00,870905.53,XAF,CREDIT,Recharge Orange Money,POS,Cameroon
TXN0000007,ACC0000058,2024-10-15 22:28:00,20357.57,XAF,DEBIT,Frais bancaires – Yaoundé,INTERNAL,Cameroon
TXN0000008,ACC0000070,2024-11-14 09:54:00,674956.91,EUR,DEBIT,Achat carburant – Yaoundé,WEB,Cameroon
TXN0000009,ACC0000026,2024-10-06 07:50:00,344769.01,XAF,CREDIT,Loyer en ligne,WEB,Cameroon
TXN0000010,ACC0000012,2024-09-17 09:25:00,18112.31,XAF,CREDIT,Intérêts crédités en ligne,WEB,Cameroon
TXN0000011,ACC0000041,2024-09-19 14:29:00,8940.61,EUR,CREDIT,Frais bancaires mensuel,POS,Cameroon
TXN0000012,ACC0000017,2024-12-20 16:58:00,20869.07,XAF,CREDIT,Achat supermarché – Yaoundé,POS,Cameroon
TXN0000013,ACC0000091,2024-10-28 11:33:00,21225.38,XAF,DEBIT,Recharge Orange Money,WEB,Cameroon
TXN0000014,ACC0000081,2024-11-17 19:34:00,610015.09,XAF,CREDIT,Achat Jumia – Douala,POS,Cameroon
TXN0000015,ACC0000093,2024-11-26 18:02:00,1195.15,XAF,DEBIT,Frais bancaires mensuel,ATM,Cameroon
TXN0000016,ACC0000099,2024-12-16 19:40:00,844880.05,EUR,CREDIT,Essence,ATM,Cameroon
TXN0000017,ACC0000088,2024-12-13 09:29:00,59737.64,XAF,CREDIT,Intérêts crédités en ligne,TRANSFER,Cameroon
TXN0000018,ACC0000078,2024-10-07 10:55:00,18487.89,EUR,DEBIT,Intérêts crédités – Douala,ATM,Cameroon
TXN0000019,ACC0000014,2024-11-21 07:29:00,428767.42,XAF,DEBIT,Salaire,ATM,Gabon
TXN0000020,ACC0000054,2024-11-03 05:52:00,550069.62,XAF,DEBIT,Recharge Orange Money – Douala,TRANSFER,China
TXN0000021,ACC0000064,2024-11-18 15:01:00,375400.35,XAF,CREDIT,Recharge Orange Money – Douala,WEB,Cameroon
TXN0000022,ACC0000007,2024-11-12 15:38:00,16529.37,XAF,CREDIT,Essence mensuel,MOBILE,Cameroon
TXN0000023,ACC0000056,2024-10-05 08:46:00,384881.61,XAF,DEBIT,Intérêts crédités,WEB,Cameroon
TXN0000024,ACC0000047,2024-11-13 02:24:00,726890.7,XAF,DEBIT,Remboursement prêt mensuel,INTERNAL,Cameroon
TXN0000025,ACC0000017,2024-09-25 12:23:00,8807.59,XAF,DEBIT,Achat carburant – Douala,POS,Cameroon
TXN0000026,ACC0000052,2025-01-07 01:02:00,678771.48,EUR,CREDIT,Paiement ENEO en ligne,POS,Cameroon
TXN0000027,ACC0000066,2024-10-06 10:59:00,156889.44,XAF,CREDIT,Virement reçu diaspora – Yaoundé,WEB,Cameroon
TXN0000028,ACC0000066,2025-01-15 15:45:00,452723.29,XAF,DEBIT,Loyer – Yaoundé,INTERNAL,Cameroon
TXN0000029,ACC0000054,2024-11-18 23:55:00,1152.86,XAF,CREDIT,Essence,WEB,Cameroon
TXN0000030,ACC0000093,2024-09-14 18:30:00,598686.9,XAF,CREDIT,Achat carburant en ligne,POS,Cameroon
TXN0000031,ACC0000032,2024-09-09 18:44:00,20933.69,XAF,DEBIT,Intérêts crédités – Douala,TRANSFER,Cameroon
TXN0000032,ACC0000053,2025-01-07 19:58:00,806413.01,XAF,DEBIT,Virement reçu diaspora – Douala,WEB,Cameroon
TXN0000033,ACC0000042,2025-01-01 16:24:00,167003.76,XAF,CREDIT,Loyer mensuel,ATM,Cameroon
TXN0000034,ACC0000093,2024-11-07 19:30:00,236453.62,XAF,CREDIT,Essence – Douala,ATM,Cameroon
TXN0000035,ACC0000091,2024-10-24 22:45:00,457373.84,XAF,CREDIT,Achat carburant,ATM,Cameroon
TXN0000036,ACC0000074,2025-01-18 12:57:00,20550.25,XAF,DEBIT,Essence,ATM,France
TXN0000037,ACC0000045,2024-12-23 20:16:00,5742.68,XAF,CREDIT,Essence mensuel,INTERNAL,Cameroon
TXN0000038,ACC0000014,2024-11-01 07:03:00,13510.52,XAF,DEBIT,Virement,TRANSFER,Cameroon
TXN0000039,ACC0000061,2024-09-26 21:49:00,916399.27,XAF,DEBIT,Intérêts crédités,TRANSFER,Cameroon
TXN0000040,ACC0000026,2024-11-13 10:18:00,862816.3,XAF,DEBIT,Frais bancaires mensuel,POS,Cameroon
TXN0000041,ACC0000093,2024-09-10 05:26:00,4806.82,XAF,DEBIT,Remboursement prêt en ligne,TRANSFER,Cameroon
TXN0000042,ACC0000096,2024-11-14 01:00:00,573835.47,XAF,DEBIT,Essence en ligne,INTERNAL,Cameroon
TXN0000043,ACC0000064,2024-10-05 16:29:00,768946.74,XAF,DEBIT,Achat supermarché,TRANSFER,Cameroon
TXN0000044,ACC0000092,2024-10-18 00:47:00,282387.97,XAF,DEBIT,Achat supermarché mensuel,INTERNAL,Cameroon
TXN0000045,ACC0000055,2025-01-10 10:05:00,93329.7,XAF,DEBIT,Retrait GAB – Yaoundé,POS,Cameroon
TXN0000046,ACC0000050,2024-10-31 14:48:00,315155.16,XAF,CREDIT,Virement reçu diaspora mensuel,MOBILE,Cameroon
TXN0000047,ACC0000047,2024-10-31 01:42:00,293545.61,XAF,CREDIT,Frais bancaires mensuel,INTERNAL,Cameroon
TXN0000048,ACC0000089,2024-10-01 20:58:00,9504.83,USD,DEBIT,Recharge Orange Money – Douala,TRANSFER,Cameroon
TXN0000049,ACC0000096,2024-12-05 13:44:00,448874.19,XAF,CREDIT,Achat carburant,POS,Cameroon
TXN0000050,ACC0000088,2024-09-21 16:28:00,345610.27,XAF,CREDIT,Salaire,WEB,Cameroon
TXN0000051,ACC0000026,2025-01-16 04:10:00,495763.44,XAF,DEBIT,Frais bancaires – Douala,INTERNAL,Cameroon
TXN0000052,ACC0000012,2025-01-09 14:51:00,127951.29,XAF,CREDIT,Retrait GAB mensuel,MOBILE,Cameroon
TXN0000053,ACC0000087,2024-11-18 23:01:00,776181.2,XAF,DEBIT,Achat Jumia,MOBILE,Cameroon
TXN0000054,ACC0000090,2024-09-17 17:03:00,2190.97,XAF,CREDIT,Virement – Yaoundé,TRANSFER,Cameroon
TXN0000055,ACC0000018,2024-12-17 11:57:00,826530.41,XAF,CREDIT,Intérêts crédités,INTERNAL,Gabon
TXN0000056,ACC0000018,2024-11-29 03:11:00,10129.94,XAF,DEBIT,Virement reçu diaspora – Douala,MOBILE,Cameroon
TXN0000057,ACC0000039,2024-12-28 21:46:00,506741.13,XAF,DEBIT,Recharge Orange Money en ligne,ATM,Cameroon
TXN0000058,ACC0000025,2024-09-29 01:51:00,15565.62,XAF,DEBIT,Recharge Orange Money – Douala,MOBILE,Cameroon
TXN0000059,ACC0000005,2024-12-24 19:43:00,1692.57,XAF,DEBIT,Intérêts crédités en ligne,POS,Cameroon
TXN0000060,ACC0000097,2024-09-15 04:32:00,6236.96,USD,CREDIT,Loyer mensuel,WEB,Cameroon
TXN0000061,ACC0000042,2024-10-31 09:56:00,628221.17,XAF,DEBIT,Intérêts crédités – Yaoundé,ATM,Cameroon
TXN0000062,ACC0000076,2024-10-15 20:43:00,472352.89,EUR,DEBIT,Frais bancaires,TRANSFER,Cameroon
TXN0000063,ACC0000041,2024-12-16 13:09:00,177133.39,EUR,CREDIT,Retrait GAB – Douala,POS,Cameroon
TXN0000064,ACC0000091,2024-10-07 14:58:00,393805.58,XAF,CREDIT,Paiement ENEO mensuel,POS,Cameroon
TXN0000065,ACC0000033,2024-10-23 10:41:00,428948.12,XAF,DEBIT,Salaire mensuel,INTERNAL,Cameroon
TXN0000066,ACC0000007,2024-11-08 12:43:00,40451.53,XAF,DEBIT,Recharge Orange Money mensuel,INTERNAL,Cameroon
TXN0000067,ACC0000028,2025-01-01 06:55:00,7928.11,XAF,DEBIT,Recharge Orange Money – Douala,INTERNAL,Cameroon
TXN0000068,ACC0000097,2025-01-01 07:44:00,196673.95,USD,DEBIT,Paiement ENEO – Yaoundé,ATM,Cameroon
TXN0000069,ACC0000069,2024-12-01 09:16:00,839022.92,USD,CREDIT,Salaire,TRANSFER,Cameroon
TXN0000070,ACC0000041,2024-10-23 11:20:00,535710.92,EUR,DEBIT,Virement reçu diaspora – Douala,MOBILE,Cameroon
TXN0000071,ACC0000075,2024-12-16 09:09:00,220827.64,XAF,CREDIT,Remboursement prêt – Douala,TRANSFER,Cameroon
TXN0000072,ACC0000088,2024-11-26 08:48:00,24179.45,XAF,CREDIT,Retrait GAB – Douala,INTERNAL,Cameroon
TXN0000073,ACC0000022,2024-10-06 23:34:00,871303.72,XAF,CREDIT,Frais bancaires,WEB,Cameroon
TXN0000074,ACC0000010,2024-09-13 00:26:00,600274.46,XAF,DEBIT,Virement reçu diaspora – Douala,MOBILE,Cameroon
TXN0000075,ACC0000059,2024-12-05 01:39:00,887406.82,XAF,CREDIT,Frais bancaires en ligne,MOBILE,Cameroon
TXN0000076,ACC0000071,2024-12-15 00:01:00,263179.48,XAF,DEBIT,Virement mensuel,INTERNAL,Cameroon
TXN0000077,ACC0000023,2024-09-28 03:33:00,184759.66,XAF,CREDIT,Essence – Yaoundé,ATM,Cameroon
TXN0000078,ACC0000011,2024-12-05 12:29:00,940750.68,XAF,DEBIT,Essence,MOBILE,Cameroon
TXN0000079,ACC0000084,2024-09-09 02:25:00,526408.26,XAF,DEBIT,Frais bancaires,INTERNAL,Cameroon
TXN0000080,ACC0000064,2024-12-21 20:50:00,928530.77,XAF,DEBIT,Paiement ENEO,POS,Cameroon
TXN0000081,ACC0000089,2024-12-31 08:02:00,17268.5,USD,DEBIT,Paiement ENEO mensuel,INTERNAL,Cameroon
TXN0000082,ACC0000041,2024-09-05 06:37:00,780194.13,EUR,CREDIT,Salaire – Yaoundé,POS,Cameroon
TXN0000083,ACC0000073,2024-12-09 21:57:00,366502.36,USD,DEBIT,Achat carburant,INTERNAL,Cameroon
TXN0000084,ACC0000096,2024-11-28 01:06:00,797224.9,XAF,DEBIT,Achat Jumia mensuel,WEB,Cameroon
TXN0000085,ACC0000100,2024-11-23 00:40:00,942978.83,XAF,CREDIT,Recharge Orange Money – Yaoundé,WEB,China
TXN0000086,ACC0000024,2024-12-07 02:49:00,758758.25,XAF,DEBIT,Salaire – Yaoundé,POS,Cameroon
TXN0000087,ACC0000082,2024-10-10 23:24:00,103903.72,EUR,DEBIT,Essence en ligne,ATM,Cameroon
TXN0000088,ACC0000014,2024-10-04 02:11:00,530464.83,XAF,CREDIT,Intérêts crédités,MOBILE,Cameroon
TXN0000089,ACC0000071,2024-09-24 19:38:00,21661.1,XAF,DEBIT,Essence en ligne,TRANSFER,Cameroon
TXN0000090,ACC0000093,2024-11-02 18:33:00,363553.23,XAF,DEBIT,Essence – Yaoundé,ATM,Cameroon
TXN0000091,ACC0000009,2024-10-13 13:17:00,461567.05,XAF,DEBIT,Loyer – Yaoundé,POS,Cameroon
TXN0000092,ACC0000064,2024-10-21 14:06:00,9408.7,XAF,CREDIT,Loyer mensuel,TRANSFER,Cameroon
TXN0000093,ACC0000043,2024-12-22 10:27:00,21557.96,EUR,CREDIT,Achat supermarché – Yaoundé,ATM,Cameroon
TXN0000094,ACC0000089,2024-10-22 15:20:00,380132.88,USD,DEBIT,Essence,INTERNAL,Cameroon
TXN0000095,ACC0000074,2024-11-02 10:24:00,747215.61,XAF,DEBIT,Salaire mensuel,POS,Cameroon
TXN0000096,ACC0000070,2024-10-17 21:49:00,905495.37,EUR,CREDIT,Virement reçu diaspora – Douala,TRANSFER,Cameroon
TXN0000097,ACC0000089,2024-09-18 13:43:00,602769.23,USD,DEBIT,Essence,POS,Cameroon
TXN0000098,ACC0000049,2024-09-19 14:38:00,382562.43,USD,CREDIT,Remboursement prêt,TRANSFER,Cameroon
TXN0000099,ACC0000047,2025-01-16 19:40:00,3179.55,XAF,DEBIT,Frais bancaires,ATM,Cameroon
TXN0000100,ACC0000079,2024-09-12 18:41:00,10290.63,XAF,DEBIT,Achat carburant en ligne,MOBILE,Cameroon
TXN0000101,ACC0000034,2024-10-27 16:47:00,552750.83,XAF,CREDIT,Recharge Orange Money en ligne,ATM,Cameroon
TXN0000102,ACC0000099,2025-01-07 04:22:00,12327.89,EUR,DEBIT,Intérêts crédités,MOBILE,Cameroon
TXN0000103,ACC0000094,2024-10-07 11:19:00,745703.69,USD,CREDIT,Retrait GAB – Yaoundé,TRANSFER,Cameroon
TXN0000104,ACC0000093,2024-12-25 10:04:00,770246.08,XAF,DEBIT,Virement – Yaoundé,INTERNAL,Cameroon
TXN0000105,ACC0000022,2024-11-02 16:11:00,316447.2,XAF,CREDIT,Retrait GAB – Douala,TRANSFER,Cameroon
TXN0000106,ACC0000024,2024-12-20 12:01:00,22135.89,XAF,CREDIT,Achat Jumia en ligne,TRANSFER,Cameroon
TXN0000107,ACC0000028,2024-10-23 08:48:00,20002.2,XAF,CREDIT,Salaire mensuel,POS,Cameroon
TXN0000108,ACC0000026,2024-12-27 03:16:00,12492.36,XAF,DEBIT,Achat Jumia en ligne,WEB,Cameroon
TXN0000109,ACC0000015,2024-11-29 11:54:00,166383.55,XAF,DEBIT,Achat Jumia mensuel,MOBILE,Cameroon
TXN0000110,ACC0000041,2024-10-01 07:19:00,356520.85,EUR,DEBIT,Paiement ENEO en ligne,TRANSFER,Cameroon
TXN0000111,ACC0000074,2024-12-08 13:11:00,511898.17,XAF,DEBIT,Paiement ENEO – Douala,TRANSFER,Cameroon
TXN0000112,ACC0000024,2024-11-20 14:39:00,343010.1,XAF,DEBIT,Retrait GAB – Douala,POS,Cameroon
TXN0000113,ACC0000072,2025-01-08 20:31:00,468664.41,XAF,CREDIT,Retrait GAB – Douala,MOBILE,Cameroon
TXN0000114,ACC0000098,2024-10-27 09:02:00,512115.36,XAF,DEBIT,Achat carburant en ligne,WEB,Cameroon
TXN0000115,ACC0000099,2025-01-05 17:32:00,111153.7,EUR,CREDIT,Remboursement prêt – Yaoundé,WEB,Cameroon
TXN0000116,ACC0000006,2024-12-22 17:13:00,3009.2,XAF,DEBIT,Essence,TRANSFER,Cameroon
TXN0000117,ACC0000012,2024-12-22 03:49:00,5642.02,XAF,CREDIT,Virement reçu diaspora – Yaoundé,INTERNAL,Cameroon
TXN0000118,ACC0000055,2024-10-13 19:08:00,20431.48,XAF,DEBIT,Achat Jumia – Yaoundé,WEB,Cameroon
TXN0000119,ACC0000069,2024-10-14 10:45:00,545380.59,USD,CREDIT,Frais bancaires,POS,China
TXN0000120,ACC0000008,2024-11-10 20:08:00,3750.93,XAF,DEBIT,Virement reçu diaspora – Yaoundé,POS,Cameroon
TXN0000121,ACC0000087,2024-12-10 15:09:00,257475.14,XAF,CREDIT,Intérêts crédités en ligne,MOBILE,Cameroon
TXN0000122,ACC0000099,2024-09-24 12:32:00,17520.24,EUR,DEBIT,Retrait GAB en ligne,ATM,Cameroon
TXN0000123,ACC0000100,2024-09-24 23:29:00,663332.66,XAF,DEBIT,Achat carburant mensuel,TRANSFER,Cameroon
TXN0000124,ACC0000055,2024-10-25 15:17:00,271562.64,XAF,CREDIT,Achat Jumia – Douala,WEB,Cameroon
TXN0000125,ACC0000044,2024-09-13 01:06:00,795356.96,XAF,DEBIT,Salaire – Douala,TRANSFER,Cameroon
TXN0000126,ACC0000055,2024-10-22 22:58:00,618547.35,XAF,DEBIT,Remboursement prêt – Yaoundé,MOBILE,Cameroon
TXN0000127,ACC0000033,2024-09-22 11:42:00,4555.36,XAF,CREDIT,Frais bancaires – Yaoundé,INTERNAL,Cameroon
TXN0000128,ACC0000030,2024-12-19 20:05:00,526.61,XAF,CREDIT,Salaire – Douala,WEB,Cameroon
TXN0000129,ACC0000088,2024-12-23 00:00:00,20519.17,XAF,CREDIT,Virement reçu diaspora – Douala,TRANSFER,Cameroon
TXN0000130,ACC0000050,2024-09-23 23:51:00,299743.85,XAF,DEBIT,Achat supermarché en ligne,POS,Cameroon
TXN0000131,ACC0000087,2024-10-07 02:33:00,580972.32,XAF,DEBIT,Retrait GAB – Yaoundé,INTERNAL,Cameroon
TXN0000132,ACC0000096,2024-10-09 13:39:00,21569.08,XAF,DEBIT,Salaire – Douala,MOBILE,Cameroon
TXN0000133,ACC0000050,2024-11-29 13:20:00,6570.77,XAF,DEBIT,Recharge Orange Money mensuel,WEB,Cameroon
TXN0000134,ACC0000078,2024-11-12 22:01:00,16630.93,EUR,DEBIT,Recharge Orange Money mensuel,WEB,Cameroon
TXN0000135,ACC0000096,2024-12-10 09:41:00,853323.19,XAF,DEBIT,Retrait GAB en ligne,MOBILE,Cameroon
TXN0000136,ACC0000082,2024-09-19 16:56:00,24678.62,EUR,DEBIT,Achat supermarché en ligne,WEB,Cameroon
TXN0000137,ACC0000070,2024-10-15 15:49:00,559233.23,EUR,DEBIT,Essence – Douala,MOBILE,Cameroon
TXN0000138,ACC0000051,2025-01-08 09:40:00,19294.2,XAF,CREDIT,Virement reçu diaspora en ligne,MOBILE,Cameroon
TXN0000139,ACC0000069,2024-10-10 08:05:00,487205.55,USD,DEBIT,Achat carburant – Douala,WEB,Cameroon
TXN0000140,ACC0000076,2024-09-17 09:44:00,905896.29,EUR,DEBIT,Virement – Douala,MOBILE,Cameroon
TXN0000141,ACC0000015,2024-12-26 19:38:00,633777.36,XAF,DEBIT,Salaire,INTERNAL,Cameroon
TXN0000142,ACC0000002,2024-10-12 15:22:00,744488.79,XAF,DEBIT,Achat supermarché – Yaoundé,POS,Cameroon
TXN0000143,ACC0000035,2024-10-01 00:21:00,7163.52,XAF,DEBIT,Essence,WEB,Cameroon
TXN0000144,ACC0000064,2024-12-26 16:23:00,816813.71,XAF,DEBIT,Loyer – Douala,ATM,Cameroon
TXN0000145,ACC0000074,2024-09-30 07:47:00,44703.9,XAF,DEBIT,Recharge Orange Money,TRANSFER,Cameroon
TXN0000146,ACC0000020,2024-10-16 01:35:00,17993.51,USD,CREDIT,Recharge Orange Money – Yaoundé,POS,Cameroon
TXN0000147,ACC0000093,2024-11-21 08:52:00,356049.33,XAF,CREDIT,Frais bancaires,POS,Cameroon
TXN0000148,ACC0000067,2024-09-12 12:04:00,21717.79,USD,DEBIT,Loyer,WEB,Cameroon
TXN0000149,ACC0000048,2024-10-22 09:36:00,18619.61,XAF,DEBIT,Retrait GAB – Yaoundé,WEB,Belgium
TXN0000150,ACC0000094,2025-01-18 07:09:00,391304.2,USD,DEBIT,Paiement ENEO – Yaoundé,INTERNAL,Cameroon
TXN0000151,ACC0000002,2024-11-25 00:48:00,21300.65,XAF,DEBIT,Salaire – Douala,WEB,China
TXN0000152,ACC0000063,2024-09-16 04:45:00,44573.55,XAF,DEBIT,Remboursement prêt mensuel,TRANSFER,Cameroon
TXN0000153,ACC0000048,2024-12-27 23:05:00,481640.09,XAF,CREDIT,Salaire mensuel,WEB,Cameroon
TXN0000154,ACC0000085,2024-10-04 07:18:00,301313.44,XAF,CREDIT,Virement reçu diaspora,ATM,Cameroon
TXN0000155,ACC0000035,2024-10-30 02:12:00,732328.85,XAF,DEBIT,Achat supermarché,POS,Cameroon
TXN0000156,ACC0000041,2024-12-14 03:34:00,732508.9,EUR,CREDIT,Essence en ligne,ATM,Cameroon
TXN0000157,ACC0000012,2024-10-11 21:19:00,17573.51,XAF,DEBIT,Recharge Orange Money – Yaoundé,POS,Cameroon
TXN0000158,ACC0000032,2024-12-01 12:32:00,286002.15,XAF,DEBIT,Virement en ligne,TRANSFER,Cameroon
TXN0000159,ACC0000071,2024-11-03 03:29:00,754737.83,XAF,DEBIT,Virement,POS,Cameroon
TXN0000160,ACC0000052,2024-12-05 21:40:00,2558.97,EUR,CREDIT,Essence,MOBILE,Belgium
TXN0000161,ACC0000083,2024-12-23 04:05:00,20819.23,XAF,DEBIT,Salaire,TRANSFER,Cameroon
TXN0000162,ACC0000074,2024-12-20 23:25:00,365444.78,XAF,CREDIT,Achat supermarché – Yaoundé,POS,Cameroon
TXN0000163,ACC0000036,2024-11-11 14:56:00,584558.93,XAF,CREDIT,Recharge Orange Money,ATM,Cameroon
TXN0000164,ACC0000071,2025-01-01 01:05:00,132962.51,XAF,DEBIT,Frais bancaires mensuel,POS,Cameroon
TXN0000165,ACC0000070,2024-09-05 12:50:00,12252.27,EUR,CREDIT,Loyer mensuel,WEB,Cameroon
TXN0000166,ACC0000035,2024-10-17 00:20:00,30750.38,XAF,DEBIT,Virement en ligne,WEB,Cameroon
TXN0000167,ACC0000075,2024-10-30 05:06:00,231371.7,XAF,CREDIT,Remboursement prêt,MOBILE,Cameroon
TXN0000168,ACC0000029,2024-12-09 11:59:00,21207.91,XAF,DEBIT,Recharge Orange Money mensuel,ATM,Cameroon
TXN0000169,ACC0000090,2024-12-01 18:01:00,9116.21,XAF,CREDIT,Achat Jumia – Douala,WEB,China
TXN0000170,ACC0000070,2024-11-19 05:31:00,56191.07,EUR,CREDIT,Recharge Orange Money,WEB,Cameroon
TXN0000171,ACC0000043,2024-10-22 04:21:00,23010.13,EUR,DEBIT,Virement,POS,Cameroon
TXN0000172,ACC0000019,2024-09-29 16:55:00,71687.43,XAF,CREDIT,Achat Jumia,ATM,Cameroon
TXN0000173,ACC0000018,2024-10-11 23:27:00,24036.22,XAF,DEBIT,Achat supermarché,WEB,Cameroon
TXN0000174,ACC0000079,2024-12-01 07:42:00,169057.99,XAF,DEBIT,Virement reçu diaspora,ATM,Cameroon
TXN0000175,ACC0000094,2024-09-01 22:36:00,944586.12,USD,CREDIT,Virement – Douala,WEB,Cameroon
TXN0000176,ACC0000079,2024-10-27 20:36:00,472887.25,XAF,DEBIT,Virement reçu diaspora,POS,Cameroon
TXN0000177,ACC0000041,2024-10-13 20:56:00,20630.71,EUR,DEBIT,Retrait GAB,ATM,Cameroon
TXN0000178,ACC0000089,2024-09-18 11:16:00,18150.13,USD,DEBIT,Intérêts crédités en ligne,INTERNAL,Cameroon
TXN0000179,ACC0000022,2024-12-15 15:56:00,520084.7,XAF,DEBIT,Remboursement prêt en ligne,WEB,Cameroon
TXN0000180,ACC0000088,2024-10-28 05:28:00,803937.07,XAF,DEBIT,Virement – Yaoundé,ATM,France
TXN0000181,ACC0000044,2024-10-14 12:10:00,13902.63,XAF,DEBIT,Loyer mensuel,WEB,Cameroon
TXN0000182,ACC0000091,2024-09-08 13:41:00,845596.35,XAF,DEBIT,Virement,ATM,Cameroon
TXN0000183,ACC0000025,2024-12-14 22:35:00,18384.36,XAF,DEBIT,Frais bancaires – Yaoundé,ATM,Cameroon
TXN0000184,ACC0000007,2024-12-10 18:35:00,4262.95,XAF,DEBIT,Virement en ligne,MOBILE,Cameroon
TXN0000185,ACC0000085,2025-01-01 06:06:00,164778.09,XAF,DEBIT,Salaire en ligne,MOBILE,Cameroon
TXN0000186,ACC0000051,2024-12-30 15:57:00,2732.85,XAF,CREDIT,Intérêts crédités – Douala,ATM,Cameroon
TXN0000187,ACC0000048,2024-10-18 14:02:00,443409.88,XAF,DEBIT,Remboursement prêt – Yaoundé,WEB,Cameroon
TXN0000188,ACC0000097,2024-09-25 02:42:00,515752.21,USD,CREDIT,Recharge Orange Money mensuel,MOBILE,Cameroon
TXN0000189,ACC0000067,2024-12-17 17:43:00,12133.2,USD,DEBIT,Retrait GAB – Yaoundé,MOBILE,Cameroon
TXN0000190,ACC0000092,2024-09-09 16:36:00,20111.03,XAF,CREDIT,Achat supermarché,TRANSFER,Cameroon
TXN0000191,ACC0000022,2024-10-25 06:08:00,77214.99,XAF,CREDIT,Recharge Orange Money,POS,Cameroon
TXN0000192,ACC0000034,2024-11-21 23:58:00,2632.17,XAF,CREDIT,Intérêts crédités mensuel,ATM,Cameroon
TXN0000193,ACC0000067,2024-12-27 00:50:00,14895.61,USD,CREDIT,Salaire en ligne,POS,Cameroon
TXN0000194,ACC0000076,2024-09-26 03:36:00,19750.77,EUR,CREDIT,Loyer en ligne,ATM,Cameroon
TXN0000195,ACC0000063,2024-12-31 01:11:00,139228.48,XAF,CREDIT,Frais bancaires,TRANSFER,Cameroon
TXN0000196,ACC0000043,2024-10-31 01:47:00,257349.38,EUR,DEBIT,Virement – Yaoundé,ATM,Cameroon
TXN0000197,ACC0000063,2024-09-26 07:08:00,707306.29,XAF,DEBIT,Essence,TRANSFER,Cameroon
TXN0000198,ACC0000012,2024-10-19 14:13:00,10475.67,XAF,CREDIT,Achat carburant mensuel,ATM,Cameroon
TXN0000199,ACC0000066,2024-10-11 02:19:00,10382.94,XAF,CREDIT,Achat Jumia,POS,Cameroon
TXN0000200,ACC0000026,2024-09-15 07:02:00,872375.42,XAF,DEBIT,Essence – Yaoundé,TRANSFER,Cameroon
TXN0000201,ACC0000082,2024-10-02 21:01:00,465881.04,EUR,CREDIT,Achat supermarché en ligne,WEB,Cameroon
TXN0000202,ACC0000045,2024-10-12 08:47:00,2714.6,XAF,DEBIT,Intérêts crédités,POS,Cameroon
TXN0000203,ACC0000100,2024-10-25 07:41:00,198774.24,XAF,CREDIT,Paiement ENEO,INTERNAL,Cameroon
TXN0000204,ACC0000017,2024-10-15 19:51:00,242013.75,XAF,DEBIT,Virement reçu diaspora,INTERNAL,Cameroon
TXN0000205,ACC0000049,2024-11-29 14:16:00,289131.4,USD,CREDIT,Remboursement prêt mensuel,TRANSFER,Cameroon
TXN0000206,ACC0000001,2025-01-09 21:53:00,14255.7,XAF,CREDIT,Achat Jumia – Yaoundé,ATM,Cameroon
TXN0000207,ACC0000062,2024-09-17 10:17:00,818832.55,USD,DEBIT,Frais bancaires,INTERNAL,Cameroon
TXN0000208,ACC0000020,2025-01-11 07:57:00,814877.65,USD,CREDIT,Intérêts crédités,ATM,Cameroon
TXN0000209,ACC0000093,2024-09-07 20:31:00,6855.94,XAF,CREDIT,Intérêts crédités en ligne,INTERNAL,Cameroon
TXN0000210,ACC0000091,2024-10-19 10:46:00,17314.79,XAF,CREDIT,Frais bancaires – Yaoundé,WEB,Cameroon
TXN0000211,ACC0000022,2024-10-17 09:06:00,704650.19,XAF,CREDIT,Achat carburant – Douala,INTERNAL,Cameroon
TXN0000212,ACC0000084,2024-09-23 07:22:00,828246.32,XAF,CREDIT,Achat carburant – Yaoundé,ATM,Cameroon
TXN0000213,ACC0000038,2024-12-28 03:30:00,603773.72,EUR,CREDIT,Achat Jumia,TRANSFER,Cameroon
TXN0000214,ACC0000065,2024-10-01 21:24:00,394212.57,XAF,DEBIT,Achat supermarché – Douala,ATM,Cameroon
TXN0000215,ACC0000073,2024-12-27 04:20:00,4918.74,USD,DEBIT,Retrait GAB – Yaoundé,INTERNAL,United States
TXN0000216,ACC0000082,2024-09-15 00:28:00,723850.04,EUR,DEBIT,Achat Jumia – Douala,TRANSFER,Cameroon
TXN0000217,ACC0000100,2024-09-23 04:39:00,409651.01,XAF,CREDIT,Retrait GAB en ligne,MOBILE,Cameroon
TXN0000218,ACC0000026,2024-12-05 00:57:00,792067.55,XAF,DEBIT,Virement,MOBILE,Cameroon
TXN0000219,ACC0000032,2024-10-28 22:56:00,125097.47,XAF,CREDIT,Paiement ENEO mensuel,ATM,Cameroon
TXN0000220,ACC0000006,2024-11-16 09:29:00,15111.06,XAF,DEBIT,Intérêts crédités,POS,Cameroon
TXN0000221,ACC0000063,2024-12-01 06:10:00,22996.03,XAF,CREDIT,Virement – Douala,POS,Cameroon
TXN0000222,ACC0000017,2024-10-25 23:01:00,163028.55,XAF,DEBIT,Virement reçu diaspora,MOBILE,Cameroon
TXN0000223,ACC0000082,2024-11-05 17:39:00,944962.18,EUR,DEBIT,Frais bancaires,MOBILE,Cameroon
TXN0000224,ACC0000054,2024-12-23 12:07:00,452253.33,XAF,DEBIT,Recharge Orange Money,INTERNAL,Cameroon
TXN0000225,ACC0000039,2024-12-17 21:06:00,7114.44,XAF,CREDIT,Virement reçu diaspora – Douala,TRANSFER,Cameroon
TXN0000226,ACC0000014,2025-01-09 23:39:00,110969.89,XAF,DEBIT,Retrait GAB – Douala,WEB,Cameroon
TXN0000227,ACC0000034,2025-01-12 06:22:00,7736.1,XAF,DEBIT,Paiement ENEO en ligne,POS,Cameroon
TXN0000228,ACC0000062,2024-11-24 07:00:00,87285.69,USD,DEBIT,Remboursement prêt mensuel,INTERNAL,Cameroon
TXN0000229,ACC0000012,2025-01-09 02:46:00,22667.09,XAF,DEBIT,Retrait GAB – Yaoundé,ATM,Cameroon
TXN0000230,ACC0000013,2024-10-15 01:54:00,762111.51,USD,DEBIT,Intérêts crédités,MOBILE,Cameroon
TXN0000231,ACC0000098,2024-09-12 00:54:00,615897.1,XAF,DEBIT,Loyer en ligne,WEB,Cameroon
TXN0000232,ACC0000094,2024-09-24 11:52:00,110798.9,USD,CREDIT,Retrait GAB – Yaoundé,TRANSFER,Cameroon
TXN0000233,ACC0000062,2024-12-17 20:56:00,3269.89,USD,DEBIT,Remboursement prêt – Douala,MOBILE,Cameroon
TXN0000234,ACC0000076,2025-01-02 18:43:00,581923.03,EUR,DEBIT,Achat Jumia,INTERNAL,Cameroon
TXN0000235,ACC0000094,2024-10-04 15:58:00,843551.45,USD,CREDIT,Virement,ATM,Cameroon
TXN0000236,ACC0000002,2025-01-13 23:36:00,5987.63,XAF,DEBIT,Paiement ENEO mensuel,INTERNAL,Cameroon
TXN0000237,ACC0000013,2024-12-20 21:46:00,330424.76,USD,CREDIT,Achat supermarché mensuel,WEB,Cameroon
TXN0000238,ACC0000083,2024-10-11 16:54:00,472555.68,XAF,DEBIT,Salaire en ligne,ATM,Cameroon
TXN0000239,ACC0000036,2024-09-13 16:14:00,361569.8,XAF,DEBIT,Salaire en ligne,TRANSFER,Cameroon
TXN0000240,ACC0000058,2024-09-23 15:28:00,931695.19,XAF,DEBIT,Salaire en ligne,TRANSFER,Cameroon
TXN0000241,ACC0000071,2024-09-01 02:50:00,589255.65,XAF,DEBIT,Paiement ENEO mensuel,POS,Cameroon
TXN0000242,ACC0000059,2024-11-27 11:52:00,214103.45,XAF,CREDIT,Loyer mensuel,WEB,Cameroon
TXN0000243,ACC0000092,2024-12-03 22:28:00,722075.99,XAF,DEBIT,Virement – Yaoundé,ATM,Cameroon
TXN0000244,ACC0000038,2025-01-19 16:23:00,1621.56,EUR,DEBIT,Retrait GAB – Douala,INTERNAL,Cameroon
TXN0000245,ACC0000053,2024-09-28 08:39:00,117346.28,XAF,CREDIT,Recharge Orange Money en ligne,POS,Cameroon
TXN0000246,ACC0000014,2024-12-16 01:59:00,639518.26,XAF,DEBIT,Achat carburant en ligne,TRANSFER,Cameroon
TXN0000247,ACC0000065,2024-10-05 15:00:00,48997.31,XAF,CREDIT,Remboursement prêt mensuel,TRANSFER,Cameroon
TXN0000248,ACC0000100,2024-10-16 22:37:00,775036.21,XAF,DEBIT,Intérêts crédités,WEB,Cameroon
TXN0000249,ACC0000042,2025-01-08 12:26:00,22939.8,XAF,DEBIT,Essence en ligne,ATM,China
TXN0000250,ACC0000018,2024-10-06 13:38:00,18836.46,XAF,DEBIT,Remboursement prêt,WEB,Cameroon
TXN0000251,ACC0000092,2024-10-26 06:13:00,278178.78,XAF,DEBIT,Frais bancaires – Douala,INTERNAL,Cameroon
TXN0000252,ACC0000023,2025-01-07 17:44:00,675704.03,XAF,DEBIT,Paiement ENEO en ligne,WEB,Cameroon
TXN0000253,ACC0000086,2024-12-16 21:47:00,13580.62,XAF,CREDIT,Achat carburant,WEB,Cameroon
TXN0000254,ACC0000049,2024-10-08 01:42:00,255828.42,USD,DEBIT,Essence,ATM,Cameroon
TXN0000255,ACC0000008,2024-11-15 06:48:00,342672.27,XAF,CREDIT,Salaire mensuel,INTERNAL,Cameroon
TXN0000256,ACC0000029,2024-12-09 07:32:00,20071.13,XAF,DEBIT,Virement reçu diaspora,MOBILE,Cameroon
TXN0000257,ACC0000050,2024-12-16 21:20:00,1818.15,XAF,DEBIT,Recharge Orange Money mensuel,TRANSFER,Cameroon
TXN0000258,ACC0000082,2024-12-04 18:34:00,5313.49,EUR,DEBIT,Essence en ligne,POS,France
TXN0000259,ACC0000024,2024-10-15 23:32:00,41480.62,XAF,DEBIT,Paiement ENEO – Yaoundé,POS,Cameroon
TXN0000260,ACC0000033,2024-09-02 10:29:00,4292.74,XAF,DEBIT,Loyer mensuel,MOBILE,Cameroon
TXN0000261,ACC0000081,2024-11-17 15:50:00,342107.05,XAF,DEBIT,Paiement ENEO – Douala,POS,Cameroon
TXN0000262,ACC0000065,2024-10-11 13:34:00,90072.44,XAF,DEBIT,Recharge Orange Money,ATM,Cameroon
TXN0000263,ACC0000038,2024-10-26 19:33:00,534583.94,EUR,DEBIT,Salaire,ATM,Cameroon
TXN0000264,ACC0000083,2024-11-02 01:43:00,9843.63,XAF,DEBIT,Intérêts crédités – Yaoundé,WEB,Cameroon
TXN0000265,ACC0000004,2025-01-11 11:32:00,11416.14,XAF,DEBIT,Essence,POS,Cameroon
TXN0000266,ACC0000011,2024-09-25 05:49:00,9942.07,XAF,DEBIT,Recharge Orange Money,INTERNAL,Cameroon
TXN0000267,ACC0000088,2024-12-18 03:13:00,668497.49,XAF,CREDIT,Frais bancaires,INTERNAL,Cameroon
TXN0000268,ACC0000004,2024-12-27 22:21:00,72365.88,XAF,DEBIT,Achat carburant – Yaoundé,WEB,Cameroon
TXN0000269,ACC0000030,2024-11-06 13:24:00,386012.28,XAF,DEBIT,Virement en ligne,INTERNAL,Cameroon
TXN0000270,ACC0000001,2024-09-17 23:37:00,806293.92,XAF,DEBIT,Paiement ENEO,ATM,Cameroon
TXN0000271,ACC0000039,2024-09-23 09:48:00,9844.63,XAF,DEBIT,Retrait GAB – Douala,WEB,Cameroon
TXN0000272,ACC0000096,2024-12-10 17:18:00,4029.85,XAF,DEBIT,Virement mensuel,WEB,Cameroon
TXN0000273,ACC0000006,2024-09-02 18:38:00,521506.6,XAF,DEBIT,Essence – Douala,INTERNAL,Cameroon
TXN0000274,ACC0000093,2024-11-28 06:26:00,21360.74,XAF,DEBIT,Achat supermarché – Douala,POS,Cameroon
TXN0000275,ACC0000033,2024-10-20 03:11:00,14398.67,XAF,DEBIT,Remboursement prêt mensuel,TRANSFER,Cameroon
TXN0000276,ACC0000010,2024-11-14 21:04:00,189954.46,XAF,CREDIT,Retrait GAB – Yaoundé,ATM,Cameroon
TXN0000277,ACC0000084,2024-10-31 03:18:00,855412.31,XAF,DEBIT,Retrait GAB en ligne,ATM,Cameroon
TXN0000278,ACC0000040,2024-10-10 18:36:00,302567.5,XAF,CREDIT,Achat supermarché,ATM,Cameroon
TXN0000279,ACC0000029,2024-12-21 08:53:00,646562.43,XAF,DEBIT,Retrait GAB en ligne,TRANSFER,Cameroon
TXN0000280,ACC0000040,2025-01-03 17:06:00,577476.4,XAF,DEBIT,Remboursement prêt – Douala,WEB,Cameroon
TXN0000281,ACC0000094,2024-09-20 23:04:00,21314.89,USD,DEBIT,Remboursement prêt mensuel,WEB,Cameroon
TXN0000282,ACC0000076,2024-10-25 01:35:00,849604.68,EUR,CREDIT,Retrait GAB,POS,Cameroon
TXN0000283,ACC0000029,2024-11-14 04:29:00,88754.66,XAF,DEBIT,Paiement ENEO,INTERNAL,Cameroon
TXN0000284,ACC0000079,2024-10-13 16:08:00,172650.49,XAF,CREDIT,Frais bancaires – Douala,INTERNAL,Cameroon
TXN0000285,ACC0000046,2024-09-11 07:48:00,62529.52,EUR,DEBIT,Recharge Orange Money,INTERNAL,Cameroon
TXN0000286,ACC0000047,2024-12-09 15:58:00,46976.27,XAF,DEBIT,Salaire,WEB,Cameroon
TXN0000287,ACC0000036,2024-11-07 18:34:00,359696.61,XAF,CREDIT,Loyer mensuel,INTERNAL,Cameroon
TXN0000288,ACC0000010,2025-01-11 08:24:00,5961.03,XAF,CREDIT,Loyer – Yaoundé,TRANSFER,Cameroon
TXN0000289,ACC0000078,2024-09-02 16:56:00,159828.71,EUR,DEBIT,Paiement ENEO,ATM,Cameroon
TXN0000290,ACC0000024,2024-10-11 11:38:00,3399.09,XAF,DEBIT,Intérêts crédités – Yaoundé,INTERNAL,Cameroon
TXN0000291,ACC0000087,2025-01-01 15:13:00,615954.49,XAF,CREDIT,Virement – Douala,MOBILE,Cameroon
TXN0000292,ACC0000076,2024-10-12 04:40:00,846585.39,EUR,DEBIT,Virement – Douala,ATM,Cameroon
TXN0000293,ACC0000067,2024-12-13 19:36:00,834948.01,USD,DEBIT,Salaire – Douala,TRANSFER,Cameroon
TXN0000294,ACC0000061,2025-01-02 05:14:00,15220.55,XAF,CREDIT,Remboursement prêt – Douala,WEB,Cameroon
TXN0000295,ACC0000034,2024-10-13 23:43:00,432436.23,XAF,CREDIT,Salaire – Douala,TRANSFER,Cameroon
TXN0000296,ACC0000014,2024-09-05 06:33:00,12856.81,XAF,CREDIT,Remboursement prêt – Douala,WEB,Cameroon
TXN0000297,ACC0000061,2024-09-10 17:32:00,2783.15,XAF,DEBIT,Achat Jumia mensuel,MOBILE,Cameroon
TXN0000298,ACC0000100,2024-12-20 16:26:00,44136.05,XAF,CREDIT,Intérêts crédités – Douala,TRANSFER,Cameroon
TXN0000299,ACC0000049,2024-11-29 18:51:00,19157.71,USD,CREDIT,Salaire en ligne,POS,Cameroon
TXN0000300,ACC0000099,2024-10-30 02:18:00,517913.28,EUR,DEBIT,Recharge Orange Money,INTERNAL,Cameroon
TXN0000301,ACC0000001,2025-01-12 03:33:00,622855.18,XAF,DEBIT,Intérêts crédités – Yaoundé,MOBILE,Cameroon
TXN0000302,ACC0000084,2024-11-04 08:54:00,537742.72,XAF,CREDIT,Essence,TRANSFER,Cameroon
TXN0000303,ACC0000053,2025-01-02 05:23:00,461120.87,XAF,DEBIT,Achat Jumia – Yaoundé,INTERNAL,Cameroon
TXN0000304,ACC0000018,2024-10-01 23:14:00,665247.94,XAF,DEBIT,Salaire – Douala,WEB,Cameroon
TXN0000305,ACC0000044,2025-01-19 19:44:00,1775.29,XAF,CREDIT,Frais bancaires,MOBILE,Cameroon
TXN0000306,ACC0000061,2024-12-21 02:04:00,354180.86,XAF,CREDIT,Virement,TRANSFER,China
TXN0000307,ACC0000079,2025-01-12 09:45:00,1907.84,XAF,DEBIT,Frais bancaires en ligne,TRANSFER,Cameroon
TXN0000308,ACC0000085,2025-01-11 09:12:00,570740.62,XAF,CREDIT,Virement reçu diaspora – Douala,WEB,Cameroon
TXN0000309,ACC0000005,2024-12-02 07:41:00,152100.19,XAF,DEBIT,Achat carburant en ligne,ATM,Cameroon
TXN0000310,ACC0000052,2024-10-22 16:00:00,2181.12,EUR,DEBIT,Paiement ENEO – Yaoundé,INTERNAL,Cameroon
TXN0000311,ACC0000075,2024-11-29 11:52:00,577226.15,XAF,DEBIT,Retrait GAB en ligne,WEB,Cameroon
TXN0000312,ACC0000023,2024-12-14 16:06:00,479501.2,XAF,DEBIT,Salaire mensuel,ATM,Cameroon
TXN0000313,ACC0000074,2024-11-04 22:28:00,14297.63,XAF,DEBIT,Achat carburant – Yaoundé,TRANSFER,Cameroon
TXN0000314,ACC0000076,2024-09-08 15:07:00,365391.56,EUR,DEBIT,Frais bancaires,POS,Cameroon
TXN0000315,ACC0000053,2024-11-30 16:34:00,791071.66,XAF,DEBIT,Essence,TRANSFER,Cameroon
TXN0000316,ACC0000044,2024-09-20 17:59:00,300237.52,XAF,DEBIT,Achat Jumia – Yaoundé,POS,Belgium
TXN0000317,ACC0000064,2024-10-22 07:47:00,254338.89,XAF,DEBIT,Recharge Orange Money – Douala,WEB,Cameroon
TXN0000318,ACC0000100,2024-09-28 03:58:00,908123.36,XAF,CREDIT,Achat Jumia,WEB,China
TXN0000319,ACC0000048,2024-11-20 15:57:00,22476.49,XAF,DEBIT,Retrait GAB – Douala,WEB,Cameroon
TXN0000320,ACC0000029,2024-10-03 01:33:00,12218.84,XAF,CREDIT,Virement mensuel,ATM,Cameroon
TXN0000321,ACC0000088,2024-10-15 14:07:00,11771.73,XAF,DEBIT,Virement,POS,Cameroon
TXN0000322,ACC0000013,2024-11-23 11:39:00,5085.23,USD,DEBIT,Recharge Orange Money – Yaoundé,TRANSFER,United States
TXN0000323,ACC0000047,2024-10-18 15:27:00,666574.86,XAF,DEBIT,Loyer en ligne,ATM,Cameroon
TXN0000324,ACC0000074,2024-10-04 18:43:00,97576.64,XAF,DEBIT,Achat carburant – Douala,WEB,Cameroon
TXN0000325,ACC0000049,2024-10-21 04:51:00,4163.93,USD,DEBIT,Achat supermarché en ligne,TRANSFER,Cameroon
TXN0000326,ACC0000081,2025-01-11 17:46:00,463829.33,XAF,DEBIT,Paiement ENEO mensuel,MOBILE,Cameroon
TXN0000327,ACC0000089,2024-10-12 01:13:00,12175.22,USD,DEBIT,Retrait GAB,ATM,Cameroon
TXN0000328,ACC0000047,2024-11-05 11:01:00,335482.69,XAF,CREDIT,Recharge Orange Money mensuel,WEB,Cameroon
TXN0000329,ACC0000069,2024-10-15 09:22:00,486390.97,USD,CREDIT,Salaire en ligne,WEB,Cameroon
TXN0000330,ACC0000081,2024-10-08 05:40:00,8766.01,XAF,CREDIT,Achat Jumia en ligne,MOBILE,Cameroon
TXN0000331,ACC0000044,2024-10-29 10:20:00,17905.62,XAF,CREDIT,Frais bancaires en ligne,ATM,Cameroon
TXN0000332,ACC0000100,2024-12-02 23:37:00,429423.36,XAF,DEBIT,Achat supermarché,POS,Cameroon
TXN0000333,ACC0000085,2024-11-04 23:44:00,5659.0,XAF,CREDIT,Salaire,MOBILE,China
TXN0000334,ACC0000071,2024-09-14 00:49:00,727451.56,XAF,DEBIT,Salaire – Yaoundé,WEB,Cameroon
TXN0000335,ACC0000084,2024-12-09 09:14:00,272113.99,XAF,DEBIT,Achat supermarché mensuel,POS,Cameroon
TXN0000336,ACC0000085,2024-12-01 10:55:00,926307.52,XAF,CREDIT,Essence mensuel,TRANSFER,Cameroon
TXN0000337,ACC0000090,2025-01-17 05:37:00,600602.0,XAF,CREDIT,Intérêts crédités mensuel,INTERNAL,Cameroon
TXN0000338,ACC0000040,2024-11-28 15:34:00,87807.66,XAF,DEBIT,Loyer en ligne,ATM,Cameroon
TXN0000339,ACC0000002,2024-09-01 16:52:00,3839.36,XAF,DEBIT,Retrait GAB mensuel,MOBILE,Cameroon
TXN0000340,ACC0000063,2025-01-01 09:00:00,20050.14,XAF,CREDIT,Recharge Orange Money,WEB,Cameroon
TXN0000341,ACC0000053,2024-12-21 12:15:00,701050.61,XAF,CREDIT,Remboursement prêt en ligne,POS,Cameroon
TXN0000342,ACC0000055,2024-11-01 16:48:00,15523.8,XAF,DEBIT,Essence,INTERNAL,Cameroon
TXN0000343,ACC0000035,2024-12-15 06:54:00,132382.96,XAF,DEBIT,Frais bancaires en ligne,WEB,Cameroon
TXN0000344,ACC0000090,2025-01-04 06:20:00,50001.57,XAF,CREDIT,Virement – Douala,MOBILE,Cameroon
TXN0000345,ACC0000017,2024-12-22 23:00:00,145697.46,XAF,CREDIT,Recharge Orange Money – Yaoundé,TRANSFER,Cameroon
TXN0000346,ACC0000064,2024-12-05 14:44:00,8591.09,XAF,DEBIT,Virement – Yaoundé,TRANSFER,Cameroon
TXN0000347,ACC0000061,2024-10-17 06:57:00,20522.64,XAF,DEBIT,Salaire,POS,Cameroon
TXN0000348,ACC0000057,2024-11-03 23:02:00,699350.67,XAF,DEBIT,Paiement ENEO,POS,Cameroon
TXN0000349,ACC0000088,2024-11-19 10:10:00,42950.06,XAF,CREDIT,Paiement ENEO,ATM,Cameroon
TXN0000350,ACC0000039,2024-10-21 11:56:00,634359.96,XAF,DEBIT,Recharge Orange Money,TRANSFER,Cameroon
TXN0000351,ACC0000022,2024-11-10 18:07:00,233205.6,XAF,DEBIT,Achat Jumia,TRANSFER,Cameroon
TXN0000352,ACC0000020,2024-12-05 02:15:00,89557.27,USD,CREDIT,Loyer,MOBILE,Cameroon
TXN0000353,ACC0000083,2024-10-10 22:34:00,3582.77,XAF,DEBIT,Loyer mensuel,INTERNAL,Cameroon
TXN0000354,ACC0000057,2024-10-20 00:44:00,689006.0,XAF,DEBIT,Virement en ligne,INTERNAL,Cameroon
TXN0000355,ACC0000038,2025-01-17 22:31:00,179735.51,EUR,DEBIT,Loyer,TRANSFER,Cameroon
TXN0000356,ACC0000077,2024-10-12 02:33:00,283002.01,EUR,DEBIT,Paiement ENEO – Yaoundé,TRANSFER,Cameroon
TXN0000357,ACC0000082,2025-01-08 12:46:00,20727.7,EUR,DEBIT,Achat carburant mensuel,POS,Cameroon
TXN0000358,ACC0000009,2025-01-16 12:12:00,474179.05,XAF,CREDIT,Achat supermarché mensuel,ATM,Cameroon
TXN0000359,ACC0000083,2024-11-22 03:06:00,66145.81,XAF,DEBIT,Achat supermarché,POS,Cameroon
TXN0000360,ACC0000025,2024-09-26 01:36:00,371003.08,XAF,CREDIT,Paiement ENEO mensuel,INTERNAL,Cameroon
TXN0000361,ACC0000007,2024-12-03 07:38:00,820.61,XAF,DEBIT,Frais bancaires en ligne,MOBILE,Cameroon
TXN0000362,ACC0000082,2024-09-16 11:35:00,22315.55,EUR,DEBIT,Achat carburant,MOBILE,Cameroon
TXN0000363,ACC0000035,2025-01-14 01:46:00,290797.61,XAF,DEBIT,Paiement ENEO,MOBILE,Cameroon
TXN0000364,ACC0000069,2024-12-08 06:12:00,238578.59,USD,DEBIT,Paiement ENEO,WEB,Cameroon
TXN0000365,ACC0000014,2024-12-01 21:29:00,10963.34,XAF,DEBIT,Achat supermarché – Douala,WEB,Cameroon
TXN0000366,ACC0000044,2024-10-11 17:38:00,336650.9,XAF,DEBIT,Paiement ENEO – Yaoundé,ATM,Cameroon
TXN0000367,ACC0000082,2024-12-20 23:20:00,536298.03,EUR,DEBIT,Intérêts crédités mensuel,INTERNAL,Cameroon
TXN0000368,ACC0000058,2024-12-24 12:00:00,24582.43,XAF,CREDIT,Virement mensuel,POS,United States
TXN0000369,ACC0000001,2024-11-16 07:13:00,1031.68,XAF,DEBIT,Paiement ENEO mensuel,WEB,Cameroon
TXN0000370,ACC0000074,2024-10-10 03:02:00,150833.43,XAF,DEBIT,Loyer mensuel,POS,Cameroon
TXN0000371,ACC0000039,2024-09-24 18:25:00,208913.1,XAF,DEBIT,Virement reçu diaspora – Yaoundé,TRANSFER,Cameroon
TXN0000372,ACC0000089,2024-09-25 19:41:00,695057.53,USD,CREDIT,Intérêts crédités,MOBILE,Cameroon
TXN0000373,ACC0000043,2024-11-29 13:26:00,3453.24,EUR,DEBIT,Virement reçu diaspora,WEB,Cameroon
TXN0000374,ACC0000082,2024-12-07 01:19:00,305392.76,EUR,CREDIT,Achat supermarché – Yaoundé,WEB,Cameroon
TXN0000375,ACC0000020,2024-09-13 21:46:00,24290.49,USD,CREDIT,Achat Jumia mensuel,MOBILE,Cameroon
TXN0000376,ACC0000038,2024-12-10 04:08:00,453634.36,EUR,DEBIT,Paiement ENEO en ligne,ATM,Cameroon
TXN0000377,ACC0000065,2024-12-21 22:08:00,12282.6,XAF,DEBIT,Retrait GAB en ligne,INTERNAL,Cameroon
TXN0000378,ACC0000072,2025-01-13 07:15:00,738602.99,XAF,DEBIT,Frais bancaires mensuel,MOBILE,Cameroon
TXN0000379,ACC0000053,2024-12-18 11:22:00,329265.09,XAF,DEBIT,Achat carburant – Yaoundé,POS,Gabon
TXN0000380,ACC0000057,2024-10-08 14:02:00,6220.5,XAF,DEBIT,Achat supermarché,MOBILE,Cameroon
TXN0000381,ACC0000007,2024-11-02 19:59:00,791325.18,XAF,DEBIT,Virement – Yaoundé,INTERNAL,Cameroon
TXN0000382,ACC0000040,2024-12-25 15:01:00,703792.3,XAF,DEBIT,Recharge Orange Money mensuel,WEB,Cameroon
TXN0000383,ACC0000071,2025-01-02 19:46:00,17529.24,XAF,DEBIT,Intérêts crédités mensuel,INTERNAL,Cameroon
TXN0000384,ACC0000033,2024-10-14 01:18:00,662610.77,XAF,DEBIT,Virement en ligne,INTERNAL,France
TXN0000385,ACC0000050,2024-11-09 21:54:00,9325.37,XAF,DEBIT,Virement – Yaoundé,INTERNAL,Cameroon
TXN0000386,ACC0000049,2025-01-09 22:06:00,12374.22,USD,CREDIT,Paiement ENEO,POS,Cameroon
TXN0000387,ACC0000059,2024-09-06 01:15:00,7970.72,XAF,CREDIT,Intérêts crédités,POS,Cameroon
TXN0000388,ACC0000088,2024-11-30 11:40:00,946206.71,XAF,CREDIT,Essence,INTERNAL,Cameroon
TXN0000389,ACC0000050,2024-09-08 17:17:00,326671.49,XAF,CREDIT,Frais bancaires – Douala,MOBILE,Cameroon
TXN0000390,ACC0000067,2024-10-29 13:15:00,406862.35,USD,DEBIT,Achat Jumia – Yaoundé,TRANSFER,Cameroon
TXN0000391,ACC0000027,2024-10-06 18:34:00,5456.6,XAF,DEBIT,Essence,INTERNAL,Cameroon
TXN0000392,ACC0000018,2024-12-20 04:41:00,22969.25,XAF,DEBIT,Salaire mensuel,WEB,France
TXN0000393,ACC0000024,2024-11-21 04:46:00,304797.01,XAF,CREDIT,Intérêts crédités – Yaoundé,TRANSFER,Cameroon
TXN0000394,ACC0000082,2024-11-10 04:49:00,127573.95,EUR,DEBIT,Achat carburant mensuel,WEB,Cameroon
TXN0000395,ACC0000073,2024-10-30 19:14:00,27702.01,USD,DEBIT,Virement reçu diaspora en ligne,POS,Cameroon
TXN0000396,ACC0000078,2024-12-30 22:41:00,809966.57,EUR,CREDIT,Retrait GAB – Douala,POS,Cameroon
TXN0000397,ACC0000005,2024-12-14 00:59:00,394152.69,XAF,DEBIT,Achat carburant – Douala,MOBILE,Cameroon
TXN0000398,ACC0000057,2025-01-04 22:20:00,22245.88,XAF,CREDIT,Intérêts crédités,WEB,Cameroon
TXN0000399,ACC0000049,2024-11-20 12:39:00,14512.39,USD,CREDIT,Paiement ENEO,INTERNAL,Cameroon
TXN0000400,ACC0000067,2024-09-28 14:29:00,1539.19,USD,DEBIT,Paiement ENEO mensuel,TRANSFER,France
TXN0000401,ACC0000072,2024-12-09 16:48:00,49682.79,XAF,DEBIT,Retrait GAB en ligne,ATM,Cameroon
TXN0000402,ACC0000037,2024-12-28 05:27:00,873324.08,XAF,CREDIT,Achat supermarché en ligne,INTERNAL,Cameroon
TXN0000403,ACC0000093,2025-01-07 03:11:00,23477.14,XAF,CREDIT,Achat supermarché en ligne,TRANSFER,Cameroon
TXN0000404,ACC0000004,2024-10-16 14:37:00,22446.98,XAF,CREDIT,Salaire – Yaoundé,ATM,Cameroon
TXN0000405,ACC0000092,2024-10-12 22:46:00,111114.2,XAF,CREDIT,Frais bancaires – Yaoundé,MOBILE,Cameroon
TXN0000406,ACC0000050,2025-01-09 19:10:00,363434.84,XAF,DEBIT,Loyer mensuel,INTERNAL,Cameroon
TXN0000407,ACC0000021,2024-10-08 05:49:00,10779.75,XAF,DEBIT,Virement reçu diaspora en ligne,ATM,Cameroon
TXN0000408,ACC0000016,2024-10-04 06:00:00,242696.09,XAF,CREDIT,Retrait GAB en ligne,WEB,Cameroon
TXN0000409,ACC0000078,2025-01-05 07:13:00,453499.25,EUR,CREDIT,Retrait GAB,WEB,Cameroon
TXN0000410,ACC0000032,2025-01-19 08:39:00,779654.96,XAF,DEBIT,Virement – Douala,POS,Cameroon
TXN0000411,ACC0000045,2024-09-10 04:54:00,550453.8,XAF,CREDIT,Essence – Yaoundé,MOBILE,Cameroon
TXN0000412,ACC0000054,2024-10-16 05:43:00,628895.61,XAF,CREDIT,Achat Jumia mensuel,POS,Gabon
TXN0000413,ACC0000047,2024-09-10 02:49:00,352035.25,XAF,CREDIT,Remboursement prêt,TRANSFER,Cameroon
TXN0000414,ACC0000009,2024-11-14 15:08:00,816859.32,XAF,DEBIT,Paiement ENEO en ligne,WEB,Cameroon
TXN0000415,ACC0000027,2024-09-15 03:36:00,15909.98,XAF,DEBIT,Retrait GAB,INTERNAL,Cameroon
TXN0000416,ACC0000091,2024-11-13 13:38:00,6861.67,XAF,CREDIT,Achat Jumia – Yaoundé,POS,Cameroon
TXN0000417,ACC0000064,2025-01-12 23:40:00,768157.4,XAF,CREDIT,Recharge Orange Money,ATM,France
TXN0000418,ACC0000016,2024-09-07 14:40:00,18567.98,XAF,DEBIT,Achat carburant mensuel,TRANSFER,Cameroon
TXN0000419,ACC0000043,2024-11-29 17:51:00,13698.51,EUR,DEBIT,Virement reçu diaspora – Yaoundé,ATM,Cameroon
TXN0000420,ACC0000040,2024-11-16 16:35:00,8806.31,XAF,DEBIT,Loyer en ligne,INTERNAL,Cameroon
TXN0000421,ACC0000004,2024-10-15 06:21:00,23095.85,XAF,CREDIT,Retrait GAB,INTERNAL,Cameroon
TXN0000422,ACC0000020,2024-12-27 17:57:00,745437.61,USD,CREDIT,Virement reçu diaspora,WEB,Cameroon
TXN0000423,ACC0000093,2024-11-20 17:34:00,549795.57,XAF,DEBIT,Achat carburant – Yaoundé,MOBILE,United States
TXN0000424,ACC0000004,2024-11-26 12:40:00,160173.1,XAF,CREDIT,Intérêts crédités – Douala,WEB,Cameroon
TXN0000425,ACC0000097,2024-11-18 22:54:00,32951.92,USD,CREDIT,Salaire en ligne,POS,Cameroon
TXN0000426,ACC0000039,2024-10-26 16:19:00,357382.26,XAF,DEBIT,Achat carburant – Douala,MOBILE,Cameroon
TXN0000427,ACC0000004,2025-01-02 16:09:00,877684.02,XAF,CREDIT,Essence – Yaoundé,POS,Cameroon
TXN0000428,ACC0000013,2025-01-11 21:08:00,37615.25,USD,CREDIT,Virement reçu diaspora mensuel,MOBILE,Cameroon
TXN0000429,ACC0000006,2024-09-23 10:29:00,3026.02,XAF,DEBIT,Virement mensuel,ATM,Cameroon
TXN0000430,ACC0000027,2024-11-22 06:12:00,507065.19,XAF,CREDIT,Frais bancaires,ATM,Cameroon
TXN0000431,ACC0000036,2024-09-30 00:39:00,99949.4,XAF,CREDIT,Loyer mensuel,ATM,Cameroon
TXN0000432,ACC0000091,2024-11-12 18:15:00,297874.55,XAF,DEBIT,Paiement ENEO en ligne,MOBILE,Cameroon
TXN0000433,ACC0000061,2024-09-13 03:24:00,406863.06,XAF,DEBIT,Virement reçu diaspora mensuel,WEB,Cameroon
TXN0000434,ACC0000089,2024-12-24 19:22:00,777117.55,USD,CREDIT,Salaire en ligne,WEB,Cameroon
TXN0000435,ACC0000090,2024-12-29 03:29:00,613264.42,XAF,CREDIT,Retrait GAB – Douala,POS,Cameroon
TXN0000436,ACC0000079,2024-11-06 11:25:00,871649.41,XAF,DEBIT,Achat carburant – Yaoundé,TRANSFER,Cameroon
TXN0000437,ACC0000009,2024-12-31 03:22:00,803940.65,XAF,DEBIT,Achat carburant – Yaoundé,WEB,Cameroon
TXN0000438,ACC0000066,2024-09-27 12:52:00,3121.04,XAF,CREDIT,Frais bancaires,ATM,Cameroon
TXN0000439,ACC0000052,2024-12-15 07:39:00,153592.21,EUR,CREDIT,Intérêts crédités,ATM,Cameroon
TXN0000440,ACC0000089,2024-12-20 13:36:00,13840.91,USD,DEBIT,Achat supermarché,INTERNAL,Cameroon
TXN0000441,ACC0000092,2025-01-03 03:37:00,311133.06,XAF,DEBIT,Remboursement prêt en ligne,POS,Cameroon
TXN0000442,ACC0000052,2024-09-18 19:06:00,15111.93,EUR,CREDIT,Loyer en ligne,INTERNAL,Cameroon
TXN0000443,ACC0000012,2024-10-26 04:56:00,717974.12,XAF,DEBIT,Achat carburant – Douala,INTERNAL,Cameroon
TXN0000444,ACC0000069,2024-11-14 12:39:00,188296.29,USD,DEBIT,Essence mensuel,INTERNAL,Cameroon
TXN0000445,ACC0000056,2024-11-28 02:37:00,937141.3,XAF,CREDIT,Remboursement prêt – Douala,ATM,Cameroon
TXN0000446,ACC0000071,2024-09-14 00:45:00,929825.33,XAF,DEBIT,Remboursement prêt – Yaoundé,MOBILE,Cameroon
TXN0000447,ACC0000090,2024-12-10 20:20:00,10447.8,XAF,CREDIT,Paiement ENEO – Douala,INTERNAL,Cameroon
TXN0000448,ACC0000018,2024-10-19 17:24:00,9327.05,XAF,CREDIT,Achat supermarché – Yaoundé,INTERNAL,Cameroon
TXN0000449,ACC0000002,2024-09-19 20:01:00,840989.58,XAF,CREDIT,Achat supermarché,POS,Cameroon
TXN0000450,ACC0000054,2024-12-26 22:38:00,15769.59,XAF,CREDIT,Paiement ENEO en ligne,WEB,Cameroon
TXN0000451,ACC0000050,2024-11-30 07:11:00,10036.2,XAF,CREDIT,Remboursement prêt,POS,Cameroon
TXN0000452,ACC0000035,2024-12-15 17:36:00,929387.08,XAF,CREDIT,Retrait GAB,ATM,Cameroon
TXN0000453,ACC0000062,2024-09-21 04:46:00,24597.69,USD,DEBIT,Retrait GAB mensuel,MOBILE,Cameroon
TXN0000454,ACC0000079,2024-09-23 07:30:00,631558.88,XAF,DEBIT,Frais bancaires,WEB,Cameroon
TXN0000455,ACC0000040,2024-09-14 10:34:00,11987.29,XAF,CREDIT,Retrait GAB mensuel,INTERNAL,Cameroon
TXN0000456,ACC0000046,2024-11-15 09:10:00,876952.7,EUR,DEBIT,Virement reçu diaspora mensuel,ATM,Cameroon
TXN0000457,ACC0000061,2024-10-14 18:03:00,7647.95,XAF,CREDIT,Virement – Yaoundé,TRANSFER,Cameroon
TXN0000458,ACC0000065,2024-09-20 08:16:00,269080.42,XAF,DEBIT,Virement,MOBILE,Cameroon
TXN0000459,ACC0000076,2024-10-09 21:28:00,169103.2,EUR,DEBIT,Retrait GAB – Douala,WEB,Cameroon
TXN0000460,ACC0000044,2024-09-22 04:38:00,4276.68,XAF,CREDIT,Achat carburant en ligne,TRANSFER,Cameroon
TXN0000461,ACC0000057,2024-10-13 06:36:00,8954.36,XAF,DEBIT,Achat carburant,MOBILE,Cameroon
TXN0000462,ACC0000052,2024-12-31 09:30:00,18934.48,EUR,CREDIT,Recharge Orange Money en ligne,INTERNAL,Cameroon
TXN0000463,ACC0000061,2024-11-07 04:33:00,790.64,XAF,CREDIT,Intérêts crédités,ATM,France
TXN0000464,ACC0000013,2025-01-15 20:22:00,11078.75,USD,DEBIT,Loyer – Yaoundé,ATM,Cameroon
TXN0000465,ACC0000033,2024-12-10 14:49:00,6424.03,XAF,CREDIT,Achat carburant – Douala,WEB,Cameroon
TXN0000466,ACC0000089,2024-10-17 10:35:00,11026.93,USD,DEBIT,Virement en ligne,MOBILE,Cameroon
TXN0000467,ACC0000088,2024-12-24 11:14:00,6671.45,XAF,DEBIT,Virement mensuel,MOBILE,Cameroon
TXN0000468,ACC0000077,2024-10-26 19:40:00,910032.18,EUR,DEBIT,Remboursement prêt mensuel,POS,Cameroon
TXN0000469,ACC0000098,2024-10-18 03:44:00,281956.48,XAF,DEBIT,Frais bancaires en ligne,ATM,Cameroon
TXN0000470,ACC0000089,2024-11-22 08:10:00,7293.54,USD,DEBIT,Intérêts crédités en ligne,ATM,United States
TXN0000471,ACC0000034,2024-10-16 14:04:00,882371.22,XAF,CREDIT,Intérêts crédités – Douala,INTERNAL,Cameroon
TXN0000472,ACC0000019,2025-01-17 13:13:00,103618.48,XAF,CREDIT,Virement reçu diaspora – Yaoundé,MOBILE,Cameroon
TXN0000473,ACC0000010,2024-11-04 14:01:00,4146.93,XAF,DEBIT,Virement,TRANSFER,Cameroon
TXN0000474,ACC0000090,2024-11-24 12:36:00,673102.55,XAF,CREDIT,Retrait GAB en ligne,TRANSFER,Cameroon
TXN0000475,ACC0000100,2024-09-18 17:14:00,906585.11,XAF,CREDIT,Salaire mensuel,WEB,United States
TXN0000476,ACC0000043,2024-11-17 12:03:00,911006.22,EUR,DEBIT,Loyer mensuel,ATM,Cameroon
TXN0000477,ACC0000059,2024-11-14 20:12:00,40246.63,XAF,CREDIT,Frais bancaires – Douala,ATM,Cameroon
TXN0000478,ACC0000014,2024-12-01 15:05:00,11230.6,XAF,DEBIT,Achat supermarché,POS,Cameroon
TXN0000479,ACC0000076,2024-11-01 15:24:00,514902.79,EUR,DEBIT,Retrait GAB mensuel,TRANSFER,France
TXN0000480,ACC0000005,2024-11-26 01:21:00,1548.96,XAF,DEBIT,Recharge Orange Money,INTERNAL,Cameroon
TXN0000481,ACC0000087,2025-01-16 04:47:00,878800.57,XAF,DEBIT,Virement reçu diaspora – Douala,TRANSFER,Cameroon
TXN0000482,ACC0000061,2024-09-12 07:44:00,16603.85,XAF,DEBIT,Essence,TRANSFER,Cameroon
TXN0000483,ACC0000076,2024-09-17 03:07:00,759818.94,EUR,DEBIT,Salaire – Douala,TRANSFER,Cameroon
TXN0000484,ACC0000095,2024-12-12 10:07:00,14611.19,XAF,DEBIT,Loyer – Douala,MOBILE,Cameroon
TXN0000485,ACC0000043,2024-09-17 03:17:00,396151.15,EUR,DEBIT,Paiement ENEO – Douala,TRANSFER,Cameroon
TXN0000486,ACC0000075,2024-09-11 04:06:00,15988.77,XAF,CREDIT,Achat carburant – Douala,MOBILE,Cameroon
TXN0000487,ACC0000011,2024-09-02 00:11:00,17815.16,XAF,CREDIT,Essence en ligne,INTERNAL,Cameroon
TXN0000488,ACC0000099,2024-12-31 22:08:00,608914.94,EUR,CREDIT,Retrait GAB en ligne,POS,Gabon
TXN0000489,ACC0000089,2024-09-10 19:11:00,15495.22,USD,DEBIT,Frais bancaires – Yaoundé,ATM,Cameroon
TXN0000490,ACC0000072,2024-10-31 06:07:00,24431.39,XAF,CREDIT,Loyer mensuel,WEB,Cameroon
TXN0000491,ACC0000099,2024-10-24 08:03:00,757392.48,EUR,CREDIT,Retrait GAB – Douala,POS,Cameroon
TXN0000492,ACC0000006,2024-09-14 20:23:00,414634.05,XAF,DEBIT,Achat Jumia en ligne,MOBILE,Cameroon
TXN0000493,ACC0000007,2025-01-16 05:10:00,12384.0,XAF,DEBIT,Salaire – Douala,INTERNAL,Cameroon
TXN0000494,ACC0000075,2024-11-23 13:12:00,22510.13,XAF,DEBIT,Achat carburant,ATM,Cameroon
TXN0000495,ACC0000031,2024-12-15 06:24:00,2301.48,XAF,CREDIT,Retrait GAB,TRANSFER,Cameroon
TXN0000496,ACC0000079,2024-12-26 05:24:00,436479.96,XAF,DEBIT,Frais bancaires – Yaoundé,ATM,Cameroon
TXN0000497,ACC0000017,2024-09-09 22:36:00,132266.92,XAF,CREDIT,Retrait GAB en ligne,POS,Cameroon
TXN0000498,ACC0000029,2024-11-15 19:10:00,16130.98,XAF,CREDIT,Achat supermarché mensuel,WEB,Cameroon
TXN0000499,ACC0000012,2024-12-15 16:31:00,5802.84,XAF,CREDIT,Remboursement prêt en ligne,ATM,Cameroon
TXN0000500,ACC0000055,2024-11-03 07:20:00,213619.06,XAF,CREDIT,Achat supermarché mensuel,MOBILE,Cameroon
TXN0000501,ACC0000006,2024-09-11 15:46:00,1323.7,XAF,CREDIT,Intérêts crédités en ligne,INTERNAL,Cameroon
TXN0000502,ACC0000058,2025-01-05 07:05:00,14764.57,XAF,CREDIT,Recharge Orange Money – Douala,ATM,Cameroon
TXN0000503,ACC0000083,2024-09-24 00:30:00,4464.17,XAF,CREDIT,Remboursement prêt mensuel,INTERNAL,Cameroon
TXN0000504,ACC0000059,2024-12-28 04:55:00,5031.17,XAF,DEBIT,Frais bancaires en ligne,INTERNAL,Cameroon
TXN0000505,ACC0000081,2024-09-19 12:57:00,13507.55,XAF,DEBIT,Intérêts crédités – Yaoundé,INTERNAL,Gabon
TXN0000506,ACC0000074,2024-10-24 21:05:00,320902.86,XAF,DEBIT,Paiement ENEO,ATM,Cameroon
TXN0000507,ACC0000015,2024-12-08 11:29:00,349195.87,XAF,DEBIT,Frais bancaires mensuel,INTERNAL,Cameroon
TXN0000508,ACC0000091,2024-10-23 04:21:00,110539.12,XAF,CREDIT,Virement reçu diaspora mensuel,INTERNAL,Cameroon
TXN0000509,ACC0000096,2024-10-28 10:22:00,12837.37,XAF,CREDIT,Essence,MOBILE,Cameroon
TXN0000510,ACC0000058,2025-01-03 16:33:00,12019.01,XAF,CREDIT,Frais bancaires mensuel,ATM,Cameroon
TXN0000511,ACC0000048,2024-09-17 06:57:00,2639.06,XAF,CREDIT,Achat supermarché – Yaoundé,MOBILE,Cameroon
TXN0000512,ACC0000036,2024-09-29 22:09:00,831618.5,XAF,CREDIT,Frais bancaires,ATM,Cameroon
TXN0000513,ACC0000088,2025-01-17 04:30:00,423335.47,XAF,DEBIT,Essence – Douala,MOBILE,Cameroon
TXN0000514,ACC0000030,2025-01-12 20:21:00,327624.48,XAF,DEBIT,Retrait GAB mensuel,INTERNAL,Cameroon
TXN0000515,ACC0000071,2024-12-23 14:19:00,853672.98,XAF,DEBIT,Achat supermarché – Yaoundé,POS,Cameroon
TXN0000516,ACC0000037,2024-09-13 04:22:00,908534.52,XAF,CREDIT,Achat supermarché,WEB,Cameroon
TXN0000517,ACC0000023,2024-10-10 05:15:00,944103.07,XAF,CREDIT,Achat supermarché en ligne,ATM,Cameroon
TXN0000518,ACC0000027,2024-09-09 21:20:00,4124.63,XAF,CREDIT,Paiement ENEO – Douala,WEB,Cameroon
TXN0000519,ACC0000004,2024-12-13 15:49:00,436764.58,XAF,DEBIT,Achat supermarché,INTERNAL,Cameroon
TXN0000520,ACC0000065,2024-11-24 20:45:00,851490.65,XAF,CREDIT,Frais bancaires – Douala,WEB,Cameroon
TXN0000521,ACC0000057,2024-11-26 22:07:00,22554.27,XAF,DEBIT,Frais bancaires mensuel,MOBILE,Cameroon
TXN0000522,ACC0000052,2024-10-27 14:22:00,55116.85,EUR,DEBIT,Achat Jumia mensuel,POS,Cameroon
TXN0000523,ACC0000099,2024-11-11 06:01:00,807430.47,EUR,DEBIT,Paiement ENEO en ligne,POS,Cameroon
TXN0000524,ACC0000078,2025-01-09 01:58:00,10240.17,EUR,CREDIT,Loyer en ligne,ATM,Cameroon
TXN0000525,ACC0000045,2024-11-29 09:28:00,2646.17,XAF,CREDIT,Virement reçu diaspora en ligne,TRANSFER,Cameroon
TXN0000526,ACC0000094,2024-12-18 23:57:00,794229.42,USD,CREDIT,Salaire – Douala,POS,Cameroon
TXN0000527,ACC0000068,2024-11-25 02:59:00,19024.79,XAF,DEBIT,Virement en ligne,INTERNAL,Cameroon
TXN0000528,ACC0000054,2024-10-15 17:29:00,19003.47,XAF,DEBIT,Recharge Orange Money – Douala,TRANSFER,Cameroon
TXN0000529,ACC0000063,2024-09-11 09:53:00,470913.16,XAF,CREDIT,Recharge Orange Money,MOBILE,Cameroon
TXN0000530,ACC0000039,2024-12-30 03:41:00,7548.38,XAF,DEBIT,Retrait GAB,INTERNAL,Cameroon
TXN0000531,ACC0000016,2024-11-10 15:04:00,345586.26,XAF,CREDIT,Achat Jumia en ligne,ATM,Cameroon
TXN0000532,ACC0000061,2024-10-01 11:32:00,929.85,XAF,DEBIT,Achat supermarché mensuel,MOBILE,Cameroon
TXN0000533,ACC0000060,2024-10-05 11:10:00,345021.79,XAF,DEBIT,Virement – Yaoundé,ATM,Cameroon
TXN0000534,ACC0000010,2025-01-10 06:49:00,727160.84,XAF,CREDIT,Achat carburant – Douala,WEB,Cameroon
TXN0000535,ACC0000041,2024-11-17 08:43:00,9381.81,EUR,CREDIT,Achat Jumia – Yaoundé,POS,Cameroon
TXN0000536,ACC0000067,2024-11-12 11:49:00,325276.5,USD,DEBIT,Salaire – Douala,POS,Cameroon
TXN0000537,ACC0000025,2025-01-13 17:45:00,719222.49,XAF,DEBIT,Intérêts crédités en ligne,MOBILE,Cameroon
TXN0000538,ACC0000017,2024-09-05 15:22:00,346352.43,XAF,CREDIT,Achat Jumia mensuel,ATM,Cameroon
TXN0000539,ACC0000039,2024-09-08 23:52:00,124892.61,XAF,DEBIT,Virement reçu diaspora – Douala,ATM,Cameroon
TXN0000540,ACC0000017,2024-09-21 13:44:00,3237.19,XAF,DEBIT,Achat carburant en ligne,TRANSFER,Cameroon
TXN0000541,ACC0000014,2024-09-09 21:32:00,447220.98,XAF,DEBIT,Virement,ATM,Cameroon
TXN0000542,ACC0000097,2024-09-25 03:58:00,559460.09,USD,DEBIT,Achat supermarché,ATM,Cameroon
TXN0000543,ACC0000019,2024-11-11 18:22:00,812815.76,XAF,CREDIT,Recharge Orange Money mensuel,WEB,Cameroon
TXN0000544,ACC0000075,2024-09-04 16:13:00,24124.46,XAF,DEBIT,Achat carburant mensuel,MOBILE,France
TXN0000545,ACC0000028,2025-01-08 22:30:00,561143.4,XAF,CREDIT,Frais bancaires,POS,Cameroon
TXN0000546,ACC0000049,2024-12-18 06:32:00,109864.67,USD,DEBIT,Salaire en ligne,MOBILE,Cameroon
TXN0000547,ACC0000064,2024-12-02 22:18:00,41456.31,XAF,DEBIT,Retrait GAB,TRANSFER,Cameroon
TXN0000548,ACC0000077,2024-11-19 21:53:00,527558.35,EUR,DEBIT,Remboursement prêt en ligne,POS,Cameroon
TXN0000549,ACC0000061,2024-12-04 05:00:00,12545.39,XAF,DEBIT,Intérêts crédités en ligne,WEB,Cameroon
TXN0000550,ACC0000011,2024-10-01 04:25:00,562257.7,XAF,DEBIT,Virement reçu diaspora – Douala,MOBILE,Cameroon
TXN0000551,ACC0000026,2024-11-26 06:38:00,10405.08,XAF,DEBIT,Remboursement prêt en ligne,INTERNAL,Cameroon
TXN0000552,ACC0000098,2024-11-09 20:25:00,634343.13,XAF,CREDIT,Retrait GAB mensuel,ATM,Cameroon
TXN0000553,ACC0000059,2024-09-28 03:16:00,221588.24,XAF,DEBIT,Virement,INTERNAL,Cameroon
TXN0000554,ACC0000009,2025-01-06 21:01:00,9874.51,XAF,DEBIT,Achat supermarché – Yaoundé,WEB,Cameroon
TXN0000555,ACC0000098,2024-09-20 21:48:00,469101.58,XAF,CREDIT,Recharge Orange Money – Yaoundé,INTERNAL,Cameroon
TXN0000556,ACC0000065,2024-11-06 17:21:00,13742.96,XAF,DEBIT,Achat carburant,TRANSFER,Cameroon
TXN0000557,ACC0000016,2024-12-08 14:20:00,11342.63,XAF,DEBIT,Virement – Douala,WEB,Cameroon
TXN0000558,ACC0000100,2024-11-17 22:10:00,130360.37,XAF,CREDIT,Retrait GAB,WEB,Cameroon
TXN0000559,ACC0000085,2025-01-17 18:30:00,812070.84,XAF,CREDIT,Virement en ligne,ATM,Cameroon
TXN0000560,ACC0000049,2024-11-30 09:20:00,562168.85,USD,DEBIT,Remboursement prêt – Yaoundé,ATM,Cameroon
TXN0000561,ACC0000075,2024-09-07 20:21:00,408456.34,XAF,DEBIT,Intérêts crédités – Yaoundé,MOBILE,Cameroon
TXN0000562,ACC0000032,2024-10-31 20:19:00,865138.4,XAF,DEBIT,Remboursement prêt – Yaoundé,MOBILE,Cameroon
TXN0000563,ACC0000003,2025-01-16 10:02:00,820609.99,XAF,CREDIT,Paiement ENEO en ligne,ATM,Cameroon
TXN0000564,ACC0000061,2024-09-06 10:24:00,308333.04,XAF,DEBIT,Achat carburant en ligne,MOBILE,Cameroon
TXN0000565,ACC0000027,2024-11-26 15:32:00,16851.0,XAF,DEBIT,Achat Jumia – Yaoundé,ATM,Belgium
TXN0000566,ACC0000064,2024-09-20 17:13:00,48012.2,XAF,CREDIT,Intérêts crédités – Douala,WEB,Cameroon
TXN0000567,ACC0000012,2024-09-25 18:21:00,539407.6,XAF,CREDIT,Retrait GAB en ligne,POS,Cameroon
TXN0000568,ACC0000010,2024-11-17 16:51:00,631293.49,XAF,DEBIT,Recharge Orange Money en ligne,TRANSFER,Cameroon
TXN0000569,ACC0000066,2024-12-26 21:48:00,837209.05,XAF,CREDIT,Remboursement prêt – Douala,WEB,Cameroon
TXN0000570,ACC0000085,2024-12-29 08:59:00,769060.0,XAF,CREDIT,Achat Jumia,INTERNAL,Cameroon
TXN0000571,ACC0000026,2024-12-03 14:09:00,709872.54,XAF,DEBIT,Remboursement prêt en ligne,TRANSFER,Cameroon
TXN0000572,ACC0000009,2024-10-23 13:17:00,16328.05,XAF,DEBIT,Frais bancaires mensuel,POS,Cameroon
TXN0000573,ACC0000015,2024-10-09 06:01:00,786385.7,XAF,CREDIT,Retrait GAB mensuel,TRANSFER,Cameroon
TXN0000574,ACC0000005,2024-10-22 05:17:00,247701.81,XAF,DEBIT,Frais bancaires mensuel,POS,Cameroon
TXN0000575,ACC0000006,2025-01-03 00:03:00,2556.27,XAF,CREDIT,Essence,TRANSFER,Cameroon
TXN0000576,ACC0000086,2024-09-24 12:53:00,3943.72,XAF,DEBIT,Achat Jumia,WEB,Gabon
TXN0000577,ACC0000086,2025-01-13 08:31:00,6332.88,XAF,DEBIT,Achat carburant – Yaoundé,ATM,Cameroon
TXN0000578,ACC0000095,2024-12-09 23:47:00,403456.94,XAF,DEBIT,Salaire – Douala,POS,China
TXN0000579,ACC0000053,2024-11-05 18:03:00,357845.62,XAF,DEBIT,Loyer mensuel,TRANSFER,Cameroon
TXN0000580,ACC0000032,2024-11-11 04:23:00,351249.11,XAF,DEBIT,Virement,WEB,Cameroon
TXN0000581,ACC0000095,2024-09-14 22:58:00,6372.06,XAF,CREDIT,Intérêts crédités – Yaoundé,INTERNAL,United States
TXN0000582,ACC0000088,2024-10-02 17:55:00,421955.45,XAF,DEBIT,Intérêts crédités – Yaoundé,ATM,Cameroon
TXN0000583,ACC0000097,2024-10-31 09:13:00,4425.57,USD,CREDIT,Frais bancaires – Yaoundé,INTERNAL,Cameroon
TXN0000584,ACC0000005,2024-11-10 02:52:00,12546.45,XAF,CREDIT,Remboursement prêt – Yaoundé,INTERNAL,Cameroon
TXN0000585,ACC0000013,2024-10-12 22:16:00,336207.96,USD,CREDIT,Virement reçu diaspora mensuel,INTERNAL,Cameroon
TXN0000586,ACC0000089,2024-09-08 01:41:00,599758.06,USD,DEBIT,Virement en ligne,POS,Cameroon
TXN0000587,ACC0000041,2024-09-22 03:10:00,678745.05,EUR,DEBIT,Remboursement prêt mensuel,INTERNAL,Cameroon
TXN0000588,ACC0000041,2024-12-25 15:55:00,6886.66,EUR,CREDIT,Remboursement prêt – Yaoundé,ATM,Cameroon
TXN0000589,ACC0000054,2024-12-04 05:25:00,23646.55,XAF,CREDIT,Recharge Orange Money,MOBILE,Cameroon
TXN0000590,ACC0000083,2024-10-29 02:29:00,667094.31,XAF,DEBIT,Virement en ligne,WEB,Cameroon
TXN0000591,ACC0000034,2024-10-09 02:23:00,540179.03,XAF,DEBIT,Virement reçu diaspora mensuel,TRANSFER,Cameroon
TXN0000592,ACC0000059,2025-01-05 03:14:00,5168.33,XAF,DEBIT,Essence,TRANSFER,Cameroon
TXN0000593,ACC0000056,2024-10-23 19:13:00,7432.7,XAF,DEBIT,Intérêts crédités – Douala,TRANSFER,Cameroon
TXN0000594,ACC0000004,2024-11-14 08:15:00,862239.84,XAF,DEBIT,Achat Jumia,INTERNAL,Cameroon
TXN0000595,ACC0000002,2024-12-30 04:55:00,659293.31,XAF,DEBIT,Virement reçu diaspora en ligne,INTERNAL,Cameroon
TXN0000596,ACC0000077,2024-11-05 02:06:00,52350.64,EUR,DEBIT,Retrait GAB – Yaoundé,WEB,Gabon
TXN0000597,ACC0000091,2024-09-12 00:16:00,363747.98,XAF,CREDIT,Frais bancaires – Yaoundé,POS,Gabon
TXN0000598,ACC0000006,2024-10-16 08:10:00,884019.61,XAF,CREDIT,Achat supermarché,ATM,Cameroon
TXN0000599,ACC0000056,2024-10-07 08:07:00,929655.22,XAF,CREDIT,Remboursement prêt – Yaoundé,INTERNAL,Cameroon
TXN0000600,ACC0000056,2024-11-12 08:39:00,23204.56,XAF,CREDIT,Loyer en ligne,POS,Cameroon
TXN0000601,ACC0000063,2024-10-09 17:54:00,16097.98,XAF,CREDIT,Virement – Douala,POS,Cameroon
TXN0000602,ACC0000024,2024-09-10 15:16:00,445374.8,XAF,DEBIT,Retrait GAB,TRANSFER,Cameroon
TXN0000603,ACC0000091,2025-01-03 14:31:00,684616.47,XAF,DEBIT,Salaire – Yaoundé,MOBILE,Cameroon
TXN0000604,ACC0000037,2024-10-17 05:47:00,261333.6,XAF,CREDIT,Recharge Orange Money mensuel,MOBILE,Cameroon
TXN0000605,ACC0000074,2024-10-17 13:58:00,730536.0,XAF,DEBIT,Loyer,ATM,Cameroon
TXN0000606,ACC0000088,2024-10-02 12:23:00,903805.2,XAF,DEBIT,Achat supermarché,MOBILE,Cameroon
TXN0000607,ACC0000091,2025-01-01 14:40:00,15058.0,XAF,DEBIT,Loyer,INTERNAL,Cameroon
TXN0000608,ACC0000058,2024-11-23 23:46:00,20027.32,XAF,DEBIT,Recharge Orange Money,INTERNAL,Cameroon
TXN0000609,ACC0000008,2024-09-19 17:38:00,380719.0,XAF,DEBIT,Recharge Orange Money en ligne,MOBILE,Cameroon
TXN0000610,ACC0000027,2024-10-12 12:49:00,615868.1,XAF,DEBIT,Salaire – Yaoundé,TRANSFER,Cameroon
TXN0000611,ACC0000095,2024-11-19 21:38:00,633247.72,XAF,DEBIT,Paiement ENEO – Douala,TRANSFER,Cameroon
TXN0000612,ACC0000050,2024-12-31 08:36:00,88440.56,XAF,CREDIT,Achat carburant – Yaoundé,WEB,Cameroon
TXN0000613,ACC0000081,2024-12-19 02:02:00,924688.39,XAF,DEBIT,Frais bancaires,INTERNAL,Cameroon
TXN0000614,ACC0000064,2025-01-13 20:41:00,278295.76,XAF,CREDIT,Salaire en ligne,ATM,Cameroon
TXN0000615,ACC0000017,2024-11-16 07:33:00,541403.29,XAF,CREDIT,Salaire,WEB,Cameroon
TXN0000616,ACC0000055,2024-12-15 03:29:00,14427.72,XAF,DEBIT,Loyer – Yaoundé,WEB,Cameroon
TXN0000617,ACC0000065,2024-09-05 03:47:00,4899.03,XAF,DEBIT,Remboursement prêt en ligne,MOBILE,Cameroon
TXN0000618,ACC0000091,2024-11-16 10:37:00,19055.18,XAF,CREDIT,Achat Jumia – Yaoundé,ATM,Belgium
TXN0000619,ACC0000028,2024-10-18 02:47:00,6853.28,XAF,DEBIT,Intérêts crédités mensuel,MOBILE,Cameroon
TXN0000620,ACC0000015,2024-09-04 05:41:00,658140.5,XAF,CREDIT,Virement reçu diaspora en ligne,ATM,Cameroon
TXN0000621,ACC0000079,2024-12-02 22:43:00,17040.01,XAF,DEBIT,Salaire – Douala,POS,Cameroon
TXN0000622,ACC0000015,2024-09-05 22:12:00,5626.12,XAF,DEBIT,Frais bancaires – Douala,TRANSFER,Cameroon
TXN0000623,ACC0000069,2024-10-19 02:19:00,4130.06,USD,CREDIT,Virement,POS,Cameroon
TXN0000624,ACC0000095,2024-12-23 15:30:00,428691.92,XAF,DEBIT,Recharge Orange Money – Yaoundé,WEB,Cameroon
TXN0000625,ACC0000051,2024-09-14 10:00:00,805705.16,XAF,CREDIT,Intérêts crédités en ligne,INTERNAL,Cameroon
TXN0000626,ACC0000094,2024-11-14 01:31:00,489147.87,USD,CREDIT,Frais bancaires en ligne,POS,Cameroon
TXN0000627,ACC0000068,2024-09-05 13:36:00,63144.51,XAF,CREDIT,Retrait GAB,TRANSFER,Cameroon
TXN0000628,ACC0000083,2024-11-28 14:44:00,155782.76,XAF,DEBIT,Retrait GAB – Yaoundé,TRANSFER,Cameroon
TXN0000629,ACC0000029,2024-11-26 19:54:00,16595.47,XAF,DEBIT,Essence,INTERNAL,Cameroon
TXN0000630,ACC0000054,2024-12-02 15:51:00,4469.63,XAF,DEBIT,Essence,INTERNAL,Cameroon
TXN0000631,ACC0000062,2024-10-04 05:12:00,469099.89,USD,CREDIT,Retrait GAB – Yaoundé,POS,Cameroon
TXN0000632,ACC0000007,2024-09-05 11:56:00,644050.68,XAF,DEBIT,Remboursement prêt mensuel,MOBILE,Cameroon
TXN0000633,ACC0000044,2024-12-20 03:39:00,535196.43,XAF,CREDIT,Essence – Yaoundé,ATM,Cameroon
TXN0000634,ACC0000099,2024-11-08 04:54:00,13126.99,EUR,DEBIT,Virement reçu diaspora,TRANSFER,Cameroon
TXN0000635,ACC0000097,2024-09-29 03:50:00,743701.98,USD,DEBIT,Remboursement prêt mensuel,MOBILE,Cameroon
TXN0000636,ACC0000022,2024-10-01 06:58:00,692746.77,XAF,CREDIT,Achat carburant mensuel,TRANSFER,Cameroon
TXN0000637,ACC0000013,2024-10-10 20:23:00,133470.52,USD,DEBIT,Retrait GAB en ligne,MOBILE,Cameroon
TXN0000638,ACC0000061,2024-11-27 09:32:00,254916.8,XAF,CREDIT,Loyer,INTERNAL,Cameroon
TXN0000639,ACC0000097,2025-01-14 13:50:00,762274.94,USD,CREDIT,Intérêts crédités en ligne,WEB,Cameroon
TXN0000640,ACC0000047,2024-09-08 14:09:00,18081.83,XAF,CREDIT,Salaire,ATM,Cameroon
TXN0000641,ACC0000099,2024-10-13 13:03:00,38127.77,EUR,DEBIT,Achat Jumia,INTERNAL,Gabon
TXN0000642,ACC0000038,2024-12-17 12:56:00,14063.46,EUR,DEBIT,Virement reçu diaspora,ATM,Cameroon
TXN0000643,ACC0000002,2024-11-11 16:39:00,17657.23,XAF,CREDIT,Frais bancaires – Douala,WEB,Cameroon
TXN0000644,ACC0000080,2024-12-23 22:22:00,19648.3,XAF,CREDIT,Achat carburant – Douala,ATM,Cameroon
TXN0000645,ACC0000069,2024-11-25 12:46:00,22056.95,USD,CREDIT,Paiement ENEO – Yaoundé,POS,Cameroon
TXN0000646,ACC0000071,2024-11-19 16:21:00,4420.67,XAF,DEBIT,Achat carburant mensuel,WEB,Cameroon
TXN0000647,ACC0000100,2024-11-17 23:27:00,3205.83,XAF,DEBIT,Remboursement prêt – Yaoundé,ATM,Cameroon
TXN0000648,ACC0000046,2024-10-02 01:48:00,3556.37,EUR,DEBIT,Achat Jumia,MOBILE,Cameroon
TXN0000649,ACC0000031,2025-01-15 19:14:00,272455.11,XAF,CREDIT,Frais bancaires – Douala,INTERNAL,Cameroon
TXN0000650,ACC0000095,2024-11-03 03:20:00,185349.83,XAF,DEBIT,Retrait GAB,POS,Cameroon
TXN0000651,ACC0000053,2024-09-21 02:03:00,126169.97,XAF,DEBIT,Retrait GAB,ATM,Cameroon
TXN0000652,ACC0000052,2025-01-11 12:55:00,475389.46,EUR,CREDIT,Retrait GAB,TRANSFER,Cameroon
TXN0000653,ACC0000054,2024-10-12 04:32:00,676459.59,XAF,DEBIT,Virement reçu diaspora mensuel,WEB,Cameroon
TXN0000654,ACC0000028,2024-12-26 15:02:00,23629.7,XAF,DEBIT,Salaire mensuel,TRANSFER,Cameroon
TXN0000655,ACC0000048,2024-11-14 01:33:00,354779.58,XAF,DEBIT,Essence – Yaoundé,TRANSFER,Cameroon
TXN0000656,ACC0000019,2024-10-07 18:26:00,849857.52,XAF,DEBIT,Recharge Orange Money – Douala,INTERNAL,Cameroon
TXN0000657,ACC0000016,2025-01-19 11:04:00,10730.59,XAF,CREDIT,Essence mensuel,TRANSFER,Cameroon
TXN0000658,ACC0000049,2024-12-31 23:53:00,724567.82,USD,CREDIT,Frais bancaires en ligne,TRANSFER,Cameroon
TXN0000659,ACC0000020,2024-11-23 02:51:00,593539.23,USD,CREDIT,Recharge Orange Money en ligne,ATM,Cameroon
TXN0000660,ACC0000086,2024-12-23 23:17:00,823058.03,XAF,DEBIT,Achat Jumia,INTERNAL,Cameroon
TXN0000661,ACC0000083,2024-10-02 20:35:00,907544.41,XAF,CREDIT,Achat Jumia,WEB,Cameroon
TXN0000662,ACC0000097,2024-12-31 16:57:00,626366.93,USD,CREDIT,Achat supermarché,ATM,Cameroon
TXN0000663,ACC0000032,2024-12-23 02:51:00,306448.31,XAF,CREDIT,Virement en ligne,MOBILE,Cameroon
TXN0000664,ACC0000024,2024-12-16 00:55:00,364764.4,XAF,DEBIT,Salaire,WEB,Cameroon
TXN0000665,ACC0000019,2024-10-17 08:49:00,293534.12,XAF,CREDIT,Frais bancaires – Douala,MOBILE,Cameroon
TXN0000666,ACC0000042,2024-10-17 00:45:00,372272.91,XAF,DEBIT,Achat supermarché en ligne,ATM,Cameroon
TXN0000667,ACC0000016,2024-09-14 06:15:00,14857.71,XAF,CREDIT,Paiement ENEO mensuel,TRANSFER,United States
TXN0000668,ACC0000008,2024-11-21 14:35:00,461510.42,XAF,CREDIT,Frais bancaires – Douala,MOBILE,Cameroon
TXN0000669,ACC0000076,2024-09-26 07:48:00,746597.83,EUR,DEBIT,Achat Jumia en ligne,TRANSFER,Cameroon
TXN0000670,ACC0000082,2025-01-07 06:50:00,9645.98,EUR,DEBIT,Achat carburant – Douala,WEB,Gabon
TXN0000671,ACC0000058,2024-09-11 00:52:00,788415.08,XAF,DEBIT,Frais bancaires – Douala,MOBILE,Cameroon
TXN0000672,ACC0000062,2024-11-09 19:16:00,9813.76,USD,DEBIT,Remboursement prêt,POS,Cameroon
TXN0000673,ACC0000066,2024-11-12 01:10:00,14295.5,XAF,DEBIT,Salaire en ligne,INTERNAL,Cameroon
TXN0000674,ACC0000018,2024-11-11 13:13:00,909674.06,XAF,DEBIT,Frais bancaires – Yaoundé,INTERNAL,Cameroon
TXN0000675,ACC0000097,2024-12-25 08:15:00,8380.14,USD,DEBIT,Retrait GAB mensuel,ATM,Cameroon
TXN0000676,ACC0000089,2024-10-05 20:59:00,454272.92,USD,DEBIT,Frais bancaires – Douala,TRANSFER,Cameroon
TXN0000677,ACC0000090,2025-01-04 12:34:00,833254.12,XAF,DEBIT,Paiement ENEO,INTERNAL,Cameroon
TXN0000678,ACC0000016,2024-11-30 12:52:00,369253.23,XAF,DEBIT,Salaire en ligne,ATM,China
TXN0000679,ACC0000002,2024-10-27 23:01:00,17173.58,XAF,DEBIT,Recharge Orange Money,WEB,Cameroon
TXN0000680,ACC0000092,2024-10-27 07:31:00,1401.5,XAF,CREDIT,Virement reçu diaspora,WEB,Cameroon
TXN0000681,ACC0000026,2024-12-11 03:55:00,476808.38,XAF,DEBIT,Paiement ENEO – Douala,INTERNAL,Cameroon
TXN0000682,ACC0000087,2024-10-15 02:37:00,64601.71,XAF,DEBIT,Achat Jumia – Douala,WEB,Cameroon
TXN0000683,ACC0000036,2024-10-20 21:01:00,17478.15,XAF,CREDIT,Achat Jumia – Yaoundé,INTERNAL,Cameroon
TXN0000684,ACC0000059,2024-09-01 13:41:00,16425.74,XAF,DEBIT,Intérêts crédités en ligne,ATM,Cameroon
TXN0000685,ACC0000067,2024-12-29 15:23:00,44161.05,USD,DEBIT,Virement – Yaoundé,TRANSFER,Cameroon
TXN0000686,ACC0000041,2024-09-02 12:12:00,836453.24,EUR,DEBIT,Virement reçu diaspora – Douala,INTERNAL,Cameroon
TXN0000687,ACC0000010,2024-11-03 06:10:00,62513.39,XAF,DEBIT,Virement en ligne,TRANSFER,Cameroon
TXN0000688,ACC0000076,2024-11-25 08:15:00,228726.17,EUR,DEBIT,Remboursement prêt,ATM,Cameroon
TXN0000689,ACC0000031,2024-09-19 19:39:00,93600.2,XAF,CREDIT,Achat Jumia,MOBILE,France
TXN0000690,ACC0000049,2024-11-20 22:04:00,2019.05,USD,CREDIT,Virement – Yaoundé,WEB,Cameroon
TXN0000691,ACC0000009,2024-09-27 21:03:00,282286.18,XAF,CREDIT,Intérêts crédités,WEB,Cameroon
TXN0000692,ACC0000030,2024-09-03 14:24:00,408416.14,XAF,CREDIT,Achat Jumia,ATM,Cameroon
TXN0000693,ACC0000087,2024-09-07 14:33:00,185279.81,XAF,DEBIT,Virement mensuel,INTERNAL,Cameroon
TXN0000694,ACC0000025,2024-10-03 20:32:00,401693.63,XAF,CREDIT,Retrait GAB – Douala,POS,Cameroon
TXN0000695,ACC0000006,2024-09-16 04:19:00,488930.08,XAF,DEBIT,Essence mensuel,WEB,Cameroon
TXN0000696,ACC0000019,2024-12-30 09:38:00,352282.01,XAF,DEBIT,Paiement ENEO mensuel,INTERNAL,Cameroon
TXN0000697,ACC0000008,2024-10-31 16:52:00,21538.2,XAF,CREDIT,Loyer – Douala,POS,Cameroon
TXN0000698,ACC0000026,2024-09-18 10:12:00,17522.15,XAF,CREDIT,Achat Jumia,ATM,Cameroon
TXN0000699,ACC0000073,2024-11-25 19:19:00,156679.15,USD,CREDIT,Achat carburant,TRANSFER,Cameroon
TXN0000700,ACC0000001,2024-10-28 22:14:00,204842.17,XAF,CREDIT,Virement reçu diaspora – Yaoundé,INTERNAL,Cameroon
TXN0000701,ACC0000052,2024-10-18 00:23:00,341918.67,EUR,CREDIT,Salaire – Douala,ATM,Cameroon
TXN0000702,ACC0000081,2024-12-02 01:01:00,272043.54,XAF,DEBIT,Essence,POS,Cameroon
TXN0000703,ACC0000071,2024-11-02 05:12:00,801208.71,XAF,DEBIT,Virement,POS,Cameroon
TXN0000704,ACC0000015,2024-11-26 06:19:00,353049.7,XAF,DEBIT,Frais bancaires – Douala,WEB,Gabon
TXN0000705,ACC0000056,2024-09-17 03:09:00,3704.47,XAF,DEBIT,Recharge Orange Money mensuel,TRANSFER,Cameroon
TXN0000706,ACC0000041,2024-12-19 20:15:00,19195.52,EUR,CREDIT,Recharge Orange Money mensuel,ATM,Cameroon
TXN0000707,ACC0000042,2024-11-03 01:40:00,21884.86,XAF,CREDIT,Achat Jumia en ligne,POS,Cameroon
TXN0000708,ACC0000061,2024-09-17 05:32:00,838653.72,XAF,CREDIT,Loyer en ligne,WEB,Cameroon
TXN0000709,ACC0000042,2024-12-05 16:44:00,908097.04,XAF,CREDIT,Essence mensuel,TRANSFER,Cameroon
TXN0000710,ACC0000075,2024-09-10 06:14:00,11575.96,XAF,DEBIT,Intérêts crédités – Douala,ATM,Cameroon
TXN0000711,ACC0000049,2024-10-11 11:16:00,130210.81,USD,DEBIT,Essence en ligne,WEB,Cameroon
TXN0000712,ACC0000075,2024-09-11 14:32:00,406518.92,XAF,CREDIT,Intérêts crédités en ligne,ATM,Cameroon
TXN0000713,ACC0000041,2024-11-09 12:01:00,224399.51,EUR,DEBIT,Loyer,ATM,Cameroon
TXN0000714,ACC0000066,2025-01-18 20:05:00,23201.85,XAF,DEBIT,Salaire,ATM,Cameroon
TXN0000715,ACC0000026,2024-11-25 06:43:00,289671.66,XAF,DEBIT,Recharge Orange Money,WEB,Gabon
TXN0000716,ACC0000034,2024-09-03 09:18:00,19686.64,XAF,CREDIT,Intérêts crédités mensuel,INTERNAL,Cameroon
TXN0000717,ACC0000084,2025-01-10 04:55:00,217899.21,XAF,DEBIT,Retrait GAB – Douala,WEB,Cameroon
TXN0000718,ACC0000071,2024-12-29 23:52:00,752943.4,XAF,DEBIT,Remboursement prêt – Douala,TRANSFER,Cameroon
TXN0000719,ACC0000090,2024-12-16 06:28:00,531849.14,XAF,DEBIT,Achat supermarché mensuel,POS,Cameroon
TXN0000720,ACC0000095,2024-09-03 15:51:00,9189.23,XAF,DEBIT,Intérêts crédités en ligne,INTERNAL,Cameroon
TXN0000721,ACC0000098,2025-01-16 09:20:00,540495.82,XAF,DEBIT,Achat supermarché – Douala,ATM,Cameroon
TXN0000722,ACC0000078,2024-12-10 12:13:00,2060.88,EUR,CREDIT,Recharge Orange Money en ligne,MOBILE,Cameroon
TXN0000723,ACC0000058,2024-11-17 02:10:00,526602.72,XAF,DEBIT,Remboursement prêt,WEB,Cameroon
TXN0000724,ACC0000024,2024-10-21 02:58:00,7453.53,XAF,DEBIT,Essence,WEB,Cameroon
TXN0000725,ACC0000008,2024-12-04 16:00:00,817142.86,XAF,CREDIT,Intérêts crédités – Douala,MOBILE,Cameroon
TXN0000726,ACC0000054,2025-01-01 23:04:00,858697.37,XAF,DEBIT,Achat supermarché – Douala,ATM,Cameroon
TXN0000727,ACC0000091,2024-12-31 05:38:00,296867.11,XAF,DEBIT,Paiement ENEO,INTERNAL,Cameroon
TXN0000728,ACC0000026,2024-09-02 04:28:00,381077.36,XAF,DEBIT,Paiement ENEO – Yaoundé,WEB,Cameroon
TXN0000729,ACC0000059,2024-12-28 18:02:00,7553.84,XAF,CREDIT,Loyer,INTERNAL,Cameroon
TXN0000730,ACC0000051,2024-10-15 13:15:00,587996.48,XAF,CREDIT,Retrait GAB en ligne,INTERNAL,Cameroon
TXN0000731,ACC0000073,2024-09-25 12:44:00,6372.53,USD,DEBIT,Essence,WEB,Cameroon
TXN0000732,ACC0000009,2024-10-26 15:26:00,14044.19,XAF,DEBIT,Salaire,WEB,Cameroon
TXN0000733,ACC0000042,2024-12-14 14:10:00,482243.15,XAF,CREDIT,Virement,INTERNAL,Cameroon
TXN0000734,ACC0000096,2024-12-28 12:21:00,21466.44,XAF,CREDIT,Virement,ATM,Cameroon
TXN0000735,ACC0000018,2024-11-23 21:47:00,439905.08,XAF,DEBIT,Paiement ENEO,POS,Cameroon
TXN0000736,ACC0000057,2024-10-06 15:52:00,155814.1,XAF,DEBIT,Achat Jumia,POS,Cameroon
TXN0000737,ACC0000069,2024-12-10 05:04:00,774.66,USD,DEBIT,Achat supermarché en ligne,ATM,Cameroon
TXN0000738,ACC0000092,2024-09-09 21:34:00,662815.02,XAF,CREDIT,Frais bancaires,INTERNAL,Cameroon
TXN0000739,ACC0000014,2024-12-09 22:19:00,569500.47,XAF,DEBIT,Achat carburant en ligne,POS,Cameroon
TXN0000740,ACC0000048,2024-11-01 06:05:00,29463.13,XAF,DEBIT,Loyer – Douala,INTERNAL,Cameroon
TXN0000741,ACC0000029,2024-09-25 21:10:00,1578.31,XAF,CREDIT,Salaire – Yaoundé,ATM,Cameroon
TXN0000742,ACC0000025,2024-10-24 17:25:00,3459.7,XAF,DEBIT,Salaire – Yaoundé,ATM,Cameroon
TXN0000743,ACC0000052,2024-11-20 00:24:00,211431.1,EUR,DEBIT,Frais bancaires mensuel,ATM,Cameroon
TXN0000744,ACC0000028,2024-12-15 09:49:00,933998.06,XAF,DEBIT,Virement reçu diaspora mensuel,WEB,Cameroon
TXN0000745,ACC0000013,2024-11-23 20:44:00,878552.07,USD,DEBIT,Loyer – Douala,INTERNAL,Cameroon
TXN0000746,ACC0000089,2024-11-21 21:30:00,19713.41,USD,CREDIT,Retrait GAB en ligne,WEB,Cameroon
TXN0000747,ACC0000030,2025-01-07 18:45:00,6198.84,XAF,CREDIT,Achat carburant,ATM,Cameroon
TXN0000748,ACC0000055,2024-11-02 19:05:00,357673.88,XAF,DEBIT,Recharge Orange Money – Douala,TRANSFER,Cameroon
TXN0000749,ACC0000005,2024-10-31 23:38:00,11371.29,XAF,DEBIT,Achat supermarché – Yaoundé,ATM,Cameroon
TXN0000750,ACC0000098,2024-09-11 16:50:00,16377.14,XAF,DEBIT,Achat carburant,POS,Cameroon
TXN0000751,ACC0000043,2024-11-27 07:13:00,861580.56,EUR,DEBIT,Achat carburant,INTERNAL,Cameroon
TXN0000752,ACC0000078,2024-12-07 16:20:00,599404.04,EUR,DEBIT,Remboursement prêt en ligne,MOBILE,France
TXN0000753,ACC0000082,2024-10-07 06:08:00,564221.23,EUR,DEBIT,Recharge Orange Money mensuel,MOBILE,Cameroon
TXN0000754,ACC0000060,2024-11-19 05:46:00,404543.89,XAF,CREDIT,Recharge Orange Money – Yaoundé,ATM,Cameroon
TXN0000755,ACC0000082,2024-10-22 08:55:00,2460.39,EUR,DEBIT,Intérêts crédités en ligne,POS,Cameroon
TXN0000756,ACC0000055,2025-01-08 19:47:00,150616.91,XAF,CREDIT,Virement en ligne,TRANSFER,Cameroon
TXN0000757,ACC0000098,2024-11-16 19:34:00,691135.88,XAF,DEBIT,Intérêts crédités en ligne,ATM,Cameroon
TXN0000758,ACC0000049,2025-01-02 02:21:00,447387.78,USD,DEBIT,Recharge Orange Money,MOBILE,Cameroon
TXN0000759,ACC0000094,2024-12-05 15:25:00,23536.98,USD,DEBIT,Intérêts crédités en ligne,ATM,Cameroon
TXN0000760,ACC0000076,2024-09-19 13:56:00,875758.28,EUR,CREDIT,Achat Jumia – Douala,POS,Cameroon
TXN0000761,ACC0000033,2024-11-29 16:45:00,654999.46,XAF,DEBIT,Frais bancaires en ligne,TRANSFER,Cameroon
TXN0000762,ACC0000032,2025-01-01 01:58:00,15958.34,XAF,DEBIT,Virement reçu diaspora,INTERNAL,Cameroon
TXN0000763,ACC0000078,2024-12-26 21:09:00,573235.41,EUR,DEBIT,Virement,MOBILE,Cameroon
TXN0000764,ACC0000050,2024-12-11 22:37:00,2468.53,XAF,DEBIT,Intérêts crédités – Douala,TRANSFER,Cameroon
TXN0000765,ACC0000039,2025-01-07 17:42:00,14858.95,XAF,CREDIT,Achat carburant,MOBILE,Cameroon
TXN0000766,ACC0000074,2024-11-28 04:17:00,23285.41,XAF,CREDIT,Virement reçu diaspora – Yaoundé,MOBILE,China
TXN0000767,ACC0000001,2024-09-25 02:49:00,13361.57,XAF,DEBIT,Virement reçu diaspora en ligne,POS,Cameroon
TXN0000768,ACC0000024,2024-10-05 06:31:00,901213.7,XAF,CREDIT,Achat Jumia – Douala,POS,Cameroon
TXN0000769,ACC0000096,2024-10-17 06:16:00,21854.58,XAF,CREDIT,Frais bancaires mensuel,MOBILE,Cameroon
TXN0000770,ACC0000022,2024-09-21 09:05:00,265093.81,XAF,DEBIT,Virement mensuel,POS,Cameroon
TXN0000771,ACC0000087,2024-09-26 00:03:00,907587.41,XAF,CREDIT,Achat carburant,MOBILE,Cameroon
TXN0000772,ACC0000001,2024-12-06 19:33:00,19153.42,XAF,CREDIT,Retrait GAB – Yaoundé,WEB,Cameroon
TXN0000773,ACC0000048,2024-11-27 10:52:00,345066.46,XAF,CREDIT,Intérêts crédités mensuel,MOBILE,United States
TXN0000774,ACC0000013,2024-09-01 14:55:00,18267.89,USD,DEBIT,Virement mensuel,MOBILE,Cameroon
TXN0000775,ACC0000036,2024-11-03 11:28:00,626955.67,XAF,CREDIT,Paiement ENEO en ligne,INTERNAL,Cameroon
TXN0000776,ACC0000082,2024-11-22 00:40:00,46329.31,EUR,DEBIT,Frais bancaires en ligne,POS,Cameroon
TXN0000777,ACC0000052,2024-09-21 11:27:00,23566.2,EUR,CREDIT,Frais bancaires,MOBILE,Cameroon
TXN0000778,ACC0000038,2024-10-20 22:09:00,21967.73,EUR,CREDIT,Virement – Douala,TRANSFER,Cameroon
TXN0000779,ACC0000039,2025-01-19 14:10:00,23898.75,XAF,CREDIT,Frais bancaires mensuel,POS,Cameroon
TXN0000780,ACC0000022,2024-09-23 03:27:00,1215.93,XAF,DEBIT,Intérêts crédités – Yaoundé,POS,Cameroon
TXN0000781,ACC0000086,2024-12-31 21:07:00,23107.04,XAF,CREDIT,Salaire,ATM,Cameroon
TXN0000782,ACC0000074,2024-09-17 20:21:00,682418.27,XAF,CREDIT,Frais bancaires,WEB,China
TXN0000783,ACC0000030,2024-10-28 08:07:00,108479.25,XAF,DEBIT,Virement reçu diaspora mensuel,POS,Cameroon
TXN0000784,ACC0000015,2024-12-04 04:54:00,363044.77,XAF,DEBIT,Essence,WEB,Cameroon
TXN0000785,ACC0000050,2024-12-18 10:49:00,646299.16,XAF,DEBIT,Paiement ENEO,WEB,Cameroon
TXN0000786,ACC0000014,2024-12-11 00:34:00,8240.19,XAF,DEBIT,Remboursement prêt – Douala,TRANSFER,Cameroon
TXN0000787,ACC0000019,2024-11-12 04:47:00,20131.65,XAF,DEBIT,Achat Jumia – Yaoundé,ATM,Cameroon
TXN0000788,ACC0000089,2024-10-02 08:54:00,12217.93,USD,DEBIT,Retrait GAB – Yaoundé,INTERNAL,France
TXN0000789,ACC0000043,2024-10-10 22:13:00,23393.61,EUR,DEBIT,Virement reçu diaspora,MOBILE,Cameroon
TXN0000790,ACC0000100,2024-10-16 15:46:00,935216.9,XAF,DEBIT,Virement mensuel,TRANSFER,Cameroon
TXN0000791,ACC0000087,2024-12-31 11:48:00,71016.59,XAF,DEBIT,Essence,POS,Cameroon
TXN0000792,ACC0000071,2024-12-10 03:08:00,752339.76,XAF,DEBIT,Remboursement prêt,ATM,Cameroon
TXN0000793,ACC0000021,2024-10-06 14:44:00,852665.53,XAF,DEBIT,Recharge Orange Money,POS,Cameroon
TXN0000794,ACC0000002,2024-12-02 23:54:00,645366.96,XAF,DEBIT,Intérêts crédités en ligne,INTERNAL,Cameroon
TXN0000795,ACC0000008,2024-09-25 11:30:00,52691.09,XAF,CREDIT,Frais bancaires – Yaoundé,WEB,Cameroon
TXN0000796,ACC0000020,2024-12-13 07:02:00,378622.62,USD,DEBIT,Virement reçu diaspora mensuel,POS,Cameroon
TXN0000797,ACC0000049,2024-09-23 14:55:00,9861.47,USD,CREDIT,Loyer,MOBILE,Cameroon
TXN0000798,ACC0000016,2025-01-04 20:42:00,6010.91,XAF,CREDIT,Achat Jumia mensuel,TRANSFER,Cameroon
TXN0000799,ACC0000096,2024-09-25 18:11:00,949956.62,XAF,CREDIT,Essence mensuel,POS,Cameroon
TXN0000800,ACC0000009,2025-01-16 05:25:00,983.79,XAF,CREDIT,Remboursement prêt mensuel,WEB,Cameroon
TXN0000801,ACC0000067,2025-01-16 22:52:00,3540.19,USD,DEBIT,Frais bancaires,POS,Cameroon
TXN0000802,ACC0000089,2024-10-17 00:35:00,300638.39,USD,DEBIT,Achat supermarché mensuel,POS,Cameroon
TXN0000803,ACC0000012,2024-11-05 01:05:00,12900.63,XAF,DEBIT,Paiement ENEO – Douala,TRANSFER,France
TXN0000804,ACC0000032,2024-11-16 01:33:00,7688.22,XAF,CREDIT,Retrait GAB – Douala,WEB,Cameroon
TXN0000805,ACC0000041,2025-01-12 11:38:00,201718.01,EUR,DEBIT,Frais bancaires,POS,Cameroon
TXN0000806,ACC0000019,2024-11-16 06:08:00,207589.85,XAF,DEBIT,Essence – Douala,INTERNAL,Cameroon
TXN0000807,ACC0000010,2025-01-19 08:16:00,858765.96,XAF,CREDIT,Retrait GAB,ATM,Cameroon
TXN0000808,ACC0000089,2024-10-07 17:13:00,696843.13,USD,DEBIT,Virement reçu diaspora – Yaoundé,WEB,Cameroon
TXN0000809,ACC0000066,2024-10-12 13:52:00,942849.19,XAF,CREDIT,Intérêts crédités,WEB,Cameroon
TXN0000810,ACC0000035,2024-10-02 17:07:00,10466.14,XAF,DEBIT,Frais bancaires,ATM,Cameroon
TXN0000811,ACC0000100,2024-11-09 04:55:00,7204.35,XAF,DEBIT,Intérêts crédités – Douala,TRANSFER,France
TXN0000812,ACC0000023,2025-01-13 23:56:00,780812.06,XAF,CREDIT,Salaire mensuel,ATM,Cameroon
TXN0000813,ACC0000037,2024-11-09 19:06:00,4683.31,XAF,CREDIT,Achat supermarché – Yaoundé,INTERNAL,Cameroon
TXN0000814,ACC0000069,2024-12-13 15:37:00,11994.1,USD,CREDIT,Virement reçu diaspora – Douala,INTERNAL,Cameroon
TXN0000815,ACC0000049,2024-11-08 01:58:00,24375.25,USD,DEBIT,Frais bancaires mensuel,TRANSFER,Cameroon
TXN0000816,ACC0000024,2024-12-22 11:51:00,274618.22,XAF,CREDIT,Paiement ENEO,POS,Cameroon
TXN0000817,ACC0000012,2024-11-18 13:49:00,88363.14,XAF,DEBIT,Salaire,POS,Belgium
TXN0000818,ACC0000074,2024-09-15 02:47:00,883320.79,XAF,DEBIT,Intérêts crédités,WEB,Belgium
TXN0000819,ACC0000062,2025-01-06 16:43:00,22257.97,USD,DEBIT,Intérêts crédités,WEB,Cameroon
TXN0000820,ACC0000096,2024-09-02 22:27:00,18866.86,XAF,DEBIT,Virement reçu diaspora,WEB,Cameroon
TXN0000821,ACC0000006,2024-12-24 05:43:00,19210.91,XAF,DEBIT,Achat supermarché,ATM,Cameroon
TXN0000822,ACC0000066,2024-11-30 01:27:00,164448.31,XAF,DEBIT,Loyer,POS,Cameroon
TXN0000823,ACC0000099,2024-10-01 09:19:00,253719.0,EUR,DEBIT,Virement reçu diaspora,WEB,Cameroon
TXN0000824,ACC0000040,2025-01-10 01:59:00,588008.01,XAF,CREDIT,Virement – Yaoundé,MOBILE,Cameroon
TXN0000825,ACC0000043,2024-11-16 11:06:00,846015.87,EUR,DEBIT,Intérêts crédités – Yaoundé,MOBILE,Cameroon
TXN0000826,ACC0000063,2024-10-21 02:33:00,148564.0,XAF,DEBIT,Retrait GAB,POS,Cameroon
TXN0000827,ACC0000033,2024-10-28 15:25:00,348177.43,XAF,DEBIT,Paiement ENEO – Yaoundé,MOBILE,China
TXN0000828,ACC0000021,2024-10-06 11:47:00,343197.2,XAF,DEBIT,Salaire – Douala,ATM,Cameroon
TXN0000829,ACC0000051,2024-12-17 23:21:00,4427.66,XAF,DEBIT,Retrait GAB,ATM,Cameroon
TXN0000830,ACC0000063,2025-01-19 15:51:00,3622.13,XAF,CREDIT,Paiement ENEO,INTERNAL,Cameroon
TXN0000831,ACC0000050,2024-10-04 03:06:00,3590.03,XAF,DEBIT,Paiement ENEO,INTERNAL,Cameroon
TXN0000832,ACC0000087,2024-11-27 13:38:00,11141.05,XAF,DEBIT,Essence en ligne,MOBILE,Cameroon
TXN0000833,ACC0000032,2024-10-10 23:32:00,269238.48,XAF,DEBIT,Remboursement prêt – Yaoundé,INTERNAL,Cameroon
TXN0000834,ACC0000055,2024-10-21 15:45:00,3025.09,XAF,CREDIT,Achat Jumia – Douala,POS,Gabon
TXN0000835,ACC0000081,2024-10-09 07:07:00,39333.01,XAF,DEBIT,Achat supermarché en ligne,MOBILE,Cameroon
TXN0000836,ACC0000012,2024-09-14 12:26:00,666050.44,XAF,DEBIT,Recharge Orange Money – Yaoundé,TRANSFER,Cameroon
TXN0000837,ACC0000066,2024-12-19 20:03:00,257976.05,XAF,DEBIT,Loyer,TRANSFER,Cameroon
TXN0000838,ACC0000007,2024-10-17 01:00:00,708282.7,XAF,DEBIT,Essence en ligne,ATM,Cameroon
TXN0000839,ACC0000013,2024-12-20 05:16:00,9407.74,USD,DEBIT,Salaire,INTERNAL,Cameroon
TXN0000840,ACC0000071,2024-10-04 10:23:00,9353.93,XAF,CREDIT,Paiement ENEO mensuel,ATM,Cameroon
TXN0000841,ACC0000036,2024-10-24 18:24:00,103728.15,XAF,CREDIT,Salaire,WEB,Belgium
TXN0000842,ACC0000025,2024-12-24 03:04:00,15665.75,XAF,DEBIT,Virement reçu diaspora en ligne,POS,Cameroon
TXN0000843,ACC0000020,2024-09-12 04:12:00,676888.16,USD,CREDIT,Loyer – Yaoundé,TRANSFER,Cameroon
TXN0000844,ACC0000016,2024-12-21 02:30:00,884971.71,XAF,CREDIT,Achat carburant,POS,Cameroon
TXN0000845,ACC0000090,2024-10-04 09:02:00,1989.44,XAF,DEBIT,Virement reçu diaspora en ligne,TRANSFER,Cameroon
TXN0000846,ACC0000066,2024-09-20 05:28:00,9911.69,XAF,CREDIT,Intérêts crédités mensuel,ATM,Cameroon
TXN0000847,ACC0000001,2024-10-11 18:13:00,11391.67,XAF,CREDIT,Retrait GAB mensuel,INTERNAL,Cameroon
TXN0000848,ACC0000034,2024-11-17 07:18:00,14027.7,XAF,DEBIT,Recharge Orange Money,WEB,Cameroon
TXN0000849,ACC0000006,2024-10-08 08:59:00,830093.55,XAF,DEBIT,Frais bancaires – Douala,POS,Cameroon
TXN0000850,ACC0000001,2024-11-28 20:38:00,8451.77,XAF,CREDIT,Essence,POS,Cameroon
TXN0000851,ACC0000079,2024-11-15 10:03:00,12856.56,XAF,DEBIT,Recharge Orange Money,ATM,Cameroon
TXN0000852,ACC0000003,2025-01-16 21:55:00,19622.57,XAF,DEBIT,Virement reçu diaspora,INTERNAL,Cameroon
TXN0000853,ACC0000084,2024-11-05 20:40:00,198232.58,XAF,CREDIT,Recharge Orange Money – Yaoundé,ATM,Cameroon
TXN0000854,ACC0000081,2024-12-11 04:28:00,690792.96,XAF,DEBIT,Achat supermarché en ligne,MOBILE,Cameroon
TXN0000855,ACC0000059,2024-10-18 05:12:00,896357.24,XAF,DEBIT,Frais bancaires – Yaoundé,MOBILE,Cameroon
TXN0000856,ACC0000023,2024-12-10 21:38:00,138915.67,XAF,CREDIT,Recharge Orange Money en ligne,INTERNAL,France
TXN0000857,ACC0000093,2025-01-13 04:46:00,788.82,XAF,DEBIT,Intérêts crédités en ligne,MOBILE,Cameroon
TXN0000858,ACC0000002,2024-09-12 04:15:00,7057.58,XAF,CREDIT,Virement,MOBILE,Cameroon
TXN0000859,ACC0000044,2024-09-22 06:08:00,536020.12,XAF,CREDIT,Remboursement prêt – Douala,ATM,Cameroon
TXN0000860,ACC0000020,2024-11-02 01:34:00,15873.4,USD,DEBIT,Virement,MOBILE,Cameroon
TXN0000861,ACC0000014,2025-01-09 13:09:00,215424.17,XAF,DEBIT,Intérêts crédités en ligne,POS,Cameroon
TXN0000862,ACC0000037,2024-10-28 21:24:00,18013.85,XAF,DEBIT,Retrait GAB – Douala,MOBILE,Cameroon
TXN0000863,ACC0000037,2024-12-01 02:39:00,344387.35,XAF,DEBIT,Virement mensuel,POS,Cameroon
TXN0000864,ACC0000068,2024-11-25 19:11:00,4180.39,XAF,DEBIT,Achat Jumia – Yaoundé,ATM,Cameroon
TXN0000865,ACC0000035,2025-01-06 21:23:00,20362.63,XAF,DEBIT,Achat carburant,POS,Cameroon
TXN0000866,ACC0000019,2024-11-21 04:24:00,757617.65,XAF,CREDIT,Remboursement prêt,MOBILE,Cameroon
TXN0000867,ACC0000094,2024-11-11 04:05:00,123776.35,USD,CREDIT,Loyer – Yaoundé,TRANSFER,Cameroon
TXN0000868,ACC0000089,2024-12-15 19:50:00,133895.55,USD,DEBIT,Intérêts crédités en ligne,WEB,Cameroon
TXN0000869,ACC0000069,2025-01-05 17:34:00,9923.37,USD,CREDIT,Virement reçu diaspora en ligne,WEB,Cameroon
TXN0000870,ACC0000089,2024-10-27 22:05:00,5714.2,USD,DEBIT,Loyer mensuel,TRANSFER,France
TXN0000871,ACC0000008,2024-11-29 11:54:00,19576.85,XAF,DEBIT,Essence en ligne,POS,Cameroon
TXN0000872,ACC0000071,2024-12-17 07:13:00,1868.71,XAF,DEBIT,Salaire,INTERNAL,Cameroon
TXN0000873,ACC0000094,2024-09-07 22:27:00,667227.47,USD,CREDIT,Salaire en ligne,WEB,Cameroon
TXN0000874,ACC0000004,2024-10-08 11:09:00,75980.84,XAF,CREDIT,Remboursement prêt en ligne,POS,Cameroon
TXN0000875,ACC0000061,2024-10-06 23:33:00,7837.94,XAF,CREDIT,Virement reçu diaspora – Yaoundé,TRANSFER,Cameroon
TXN0000876,ACC0000089,2024-09-04 09:07:00,837455.81,USD,DEBIT,Achat Jumia – Douala,WEB,Cameroon
TXN0000877,ACC0000051,2024-12-18 21:56:00,676702.21,XAF,DEBIT,Achat Jumia mensuel,ATM,Cameroon
TXN0000878,ACC0000055,2024-10-11 08:05:00,929096.19,XAF,DEBIT,Virement reçu diaspora – Douala,TRANSFER,Cameroon
TXN0000879,ACC0000029,2024-12-10 05:52:00,14202.71,XAF,DEBIT,Remboursement prêt,TRANSFER,Cameroon
TXN0000880,ACC0000084,2024-12-13 12:10:00,354789.8,XAF,CREDIT,Recharge Orange Money – Yaoundé,MOBILE,Cameroon
TXN0000881,ACC0000047,2024-11-25 00:15:00,515864.82,XAF,DEBIT,Recharge Orange Money mensuel,MOBILE,Cameroon
TXN0000882,ACC0000040,2024-10-19 17:12:00,33651.35,XAF,DEBIT,Salaire mensuel,WEB,Cameroon
TXN0000883,ACC0000062,2024-09-12 01:20:00,295248.8,USD,DEBIT,Achat carburant – Yaoundé,TRANSFER,Cameroon
TXN0000884,ACC0000041,2024-12-10 23:22:00,17715.09,EUR,DEBIT,Loyer en ligne,INTERNAL,Cameroon
TXN0000885,ACC0000065,2024-10-09 00:37:00,12185.35,XAF,DEBIT,Essence – Douala,POS,Cameroon
TXN0000886,ACC0000011,2024-09-24 22:14:00,20283.16,XAF,DEBIT,Achat carburant,POS,Gabon
TXN0000887,ACC0000067,2025-01-12 10:28:00,8806.01,USD,DEBIT,Achat Jumia en ligne,MOBILE,Cameroon
TXN0000888,ACC0000100,2024-12-09 07:13:00,15368.49,XAF,DEBIT,Achat Jumia,TRANSFER,Cameroon
TXN0000889,ACC0000002,2024-10-07 09:35:00,20035.88,XAF,DEBIT,Retrait GAB,TRANSFER,Cameroon
TXN0000890,ACC0000038,2024-10-12 02:17:00,337639.95,EUR,DEBIT,Achat supermarché,TRANSFER,Cameroon
TXN0000891,ACC0000061,2024-11-05 14:41:00,23525.82,XAF,CREDIT,Retrait GAB,ATM,Cameroon
TXN0000892,ACC0000052,2024-12-14 19:58:00,11300.28,EUR,CREDIT,Remboursement prêt mensuel,ATM,Cameroon
TXN0000893,ACC0000088,2024-12-15 16:28:00,832133.02,XAF,DEBIT,Achat Jumia,MOBILE,Cameroon
TXN0000894,ACC0000032,2024-09-03 04:54:00,358903.14,XAF,CREDIT,Intérêts crédités,POS,Cameroon
TXN0000895,ACC0000060,2024-09-24 11:29:00,509754.62,XAF,CREDIT,Salaire,POS,Cameroon
TXN0000896,ACC0000051,2024-12-20 06:25:00,303468.76,XAF,CREDIT,Retrait GAB – Douala,INTERNAL,Cameroon
TXN0000897,ACC0000015,2024-11-11 14:02:00,901261.4,XAF,DEBIT,Frais bancaires – Douala,ATM,Cameroon
TXN0000898,ACC0000077,2024-12-07 01:59:00,19844.2,EUR,CREDIT,Recharge Orange Money,POS,Cameroon
TXN0000899,ACC0000098,2024-12-18 08:16:00,82160.95,XAF,DEBIT,Essence en ligne,MOBILE,Cameroon
TXN0000900,ACC0000092,2024-12-25 13:33:00,848740.5,XAF,DEBIT,Remboursement prêt,MOBILE,Cameroon
TXN0000901,ACC0000055,2024-11-27 09:10:00,895018.74,XAF,CREDIT,Retrait GAB mensuel,INTERNAL,Cameroon
TXN0000902,ACC0000090,2024-12-21 11:58:00,10033.88,XAF,DEBIT,Paiement ENEO mensuel,POS,Cameroon
TXN0000903,ACC0000086,2024-10-08 10:42:00,23504.74,XAF,DEBIT,Virement – Douala,TRANSFER,China
TXN0000904,ACC0000041,2024-09-30 21:26:00,687004.88,EUR,CREDIT,Remboursement prêt – Douala,INTERNAL,Cameroon
TXN0000905,ACC0000075,2024-09-25 01:13:00,5097.6,XAF,CREDIT,Achat carburant – Douala,WEB,Cameroon
TXN0000906,ACC0000045,2024-10-24 06:43:00,16609.35,XAF,DEBIT,Virement – Yaoundé,ATM,Cameroon
TXN0000907,ACC0000016,2025-01-06 20:29:00,336087.34,XAF,CREDIT,Intérêts crédités mensuel,ATM,Cameroon
TXN0000908,ACC0000023,2024-12-27 13:23:00,566362.54,XAF,CREDIT,Intérêts crédités en ligne,ATM,Cameroon
TXN0000909,ACC0000089,2024-12-21 20:18:00,23478.59,USD,DEBIT,Salaire,MOBILE,Cameroon
TXN0000910,ACC0000079,2024-12-15 03:31:00,15783.73,XAF,CREDIT,Salaire,TRANSFER,Cameroon
TXN0000911,ACC0000005,2024-11-14 13:13:00,433534.5,XAF,CREDIT,Salaire – Douala,TRANSFER,United States
TXN0000912,ACC0000060,2024-12-15 20:45:00,10197.31,XAF,DEBIT,Achat carburant – Douala,WEB,Cameroon
TXN0000913,ACC0000085,2024-11-07 09:53:00,22778.77,XAF,DEBIT,Virement en ligne,MOBILE,Cameroon
TXN0000914,ACC0000020,2024-12-05 16:52:00,8278.04,USD,DEBIT,Achat Jumia en ligne,POS,Cameroon
TXN0000915,ACC0000051,2024-10-20 19:41:00,51847.2,XAF,CREDIT,Intérêts crédités – Douala,INTERNAL,Cameroon
TXN0000916,ACC0000094,2024-10-15 12:57:00,153046.14,USD,DEBIT,Salaire,POS,Cameroon
TXN0000917,ACC0000081,2024-12-10 20:58:00,526601.52,XAF,DEBIT,Recharge Orange Money,MOBILE,Cameroon
TXN0000918,ACC0000002,2024-10-10 00:39:00,23054.56,XAF,DEBIT,Achat Jumia en ligne,MOBILE,Cameroon
TXN0000919,ACC0000017,2024-12-26 20:40:00,5070.6,XAF,DEBIT,Essence – Douala,WEB,Cameroon
TXN0000920,ACC0000093,2024-12-06 08:42:00,81566.31,XAF,DEBIT,Frais bancaires,INTERNAL,France
TXN0000921,ACC0000015,2024-12-27 19:07:00,270492.5,XAF,DEBIT,Salaire,TRANSFER,Cameroon
TXN0000922,ACC0000027,2024-12-10 03:31:00,10636.76,XAF,CREDIT,Frais bancaires,POS,Cameroon
TXN0000923,ACC0000049,2024-11-20 20:58:00,155565.15,USD,DEBIT,Virement – Douala,INTERNAL,Cameroon
TXN0000924,ACC0000078,2024-09-09 03:21:00,12355.82,EUR,CREDIT,Achat Jumia mensuel,MOBILE,Cameroon
TXN0000925,ACC0000095,2024-11-05 03:12:00,510548.61,XAF,CREDIT,Paiement ENEO – Douala,POS,Cameroon
TXN0000926,ACC0000015,2024-10-26 00:20:00,82020.29,XAF,DEBIT,Essence – Yaoundé,TRANSFER,Cameroon
TXN0000927,ACC0000012,2024-11-29 22:35:00,11942.57,XAF,CREDIT,Intérêts crédités mensuel,TRANSFER,Cameroon
TXN0000928,ACC0000033,2024-10-15 06:43:00,18076.21,XAF,CREDIT,Salaire mensuel,WEB,Cameroon
TXN0000929,ACC0000027,2025-01-03 13:56:00,567724.31,XAF,DEBIT,Remboursement prêt – Yaoundé,WEB,Cameroon
TXN0000930,ACC0000050,2024-12-19 06:36:00,853306.26,XAF,DEBIT,Retrait GAB – Douala,MOBILE,United States
TXN0000931,ACC0000076,2024-12-14 09:38:00,16304.9,EUR,CREDIT,Loyer en ligne,MOBILE,Cameroon
TXN0000932,ACC0000042,2024-12-19 05:22:00,206779.4,XAF,DEBIT,Loyer – Douala,ATM,Cameroon
TXN0000933,ACC0000041,2024-09-03 22:21:00,540393.38,EUR,DEBIT,Recharge Orange Money mensuel,MOBILE,Cameroon
TXN0000934,ACC0000078,2024-10-25 16:13:00,266311.9,EUR,CREDIT,Achat carburant,MOBILE,Cameroon
TXN0000935,ACC0000083,2024-12-17 21:48:00,773284.57,XAF,DEBIT,Recharge Orange Money,TRANSFER,Cameroon
TXN0000936,ACC0000036,2024-12-17 03:07:00,572554.85,XAF,CREDIT,Intérêts crédités – Douala,WEB,Cameroon
TXN0000937,ACC0000003,2024-09-02 14:18:00,918610.32,XAF,DEBIT,Paiement ENEO mensuel,MOBILE,Cameroon
TXN0000938,ACC0000003,2024-09-18 15:06:00,10669.43,XAF,DEBIT,Essence – Yaoundé,ATM,Cameroon
TXN0000939,ACC0000072,2024-11-20 15:39:00,285626.29,XAF,CREDIT,Retrait GAB,MOBILE,Cameroon
TXN0000940,ACC0000080,2024-09-27 00:14:00,12845.04,XAF,DEBIT,Loyer,INTERNAL,Cameroon
TXN0000941,ACC0000022,2024-09-23 06:46:00,9537.55,XAF,CREDIT,Virement,MOBILE,Cameroon
TXN0000942,ACC0000006,2024-09-29 01:19:00,314874.54,XAF,CREDIT,Achat carburant en ligne,ATM,Cameroon
TXN0000943,ACC0000018,2024-12-27 03:08:00,143157.4,XAF,CREDIT,Remboursement prêt en ligne,INTERNAL,Cameroon
TXN0000944,ACC0000016,2025-01-12 16:15:00,629221.72,XAF,DEBIT,Loyer,TRANSFER,Cameroon
TXN0000945,ACC0000034,2024-11-15 22:05:00,794258.37,XAF,DEBIT,Frais bancaires,INTERNAL,Cameroon
TXN0000946,ACC0000089,2024-09-20 02:31:00,15432.32,USD,DEBIT,Retrait GAB en ligne,POS,Cameroon
TXN0000947,ACC0000044,2024-10-24 18:48:00,815960.52,XAF,DEBIT,Virement reçu diaspora en ligne,INTERNAL,Cameroon
TXN0000948,ACC0000065,2024-09-28 04:14:00,9946.61,XAF,CREDIT,Remboursement prêt mensuel,WEB,Cameroon
TXN0000949,ACC0000052,2024-10-19 02:17:00,652893.9,EUR,CREDIT,Frais bancaires,POS,Cameroon
TXN0000950,ACC0000014,2024-09-29 07:01:00,5082.23,XAF,DEBIT,Retrait GAB,WEB,Cameroon
TXN0000951,ACC0000034,2024-10-01 17:05:00,203826.53,XAF,CREDIT,Paiement ENEO en ligne,WEB,Cameroon
TXN0000952,ACC0000057,2024-11-09 11:06:00,365248.83,XAF,CREDIT,Recharge Orange Money – Yaoundé,POS,Cameroon
TXN0000953,ACC0000077,2024-11-10 16:38:00,413586.38,EUR,DEBIT,Frais bancaires – Douala,MOBILE,Cameroon
TXN0000954,ACC0000007,2024-09-10 18:17:00,506928.74,XAF,DEBIT,Recharge Orange Money mensuel,INTERNAL,Cameroon
TXN0000955,ACC0000051,2024-12-10 03:14:00,22048.43,XAF,DEBIT,Retrait GAB – Douala,POS,Cameroon
TXN0000956,ACC0000045,2024-11-13 22:38:00,5942.21,XAF,DEBIT,Paiement ENEO,WEB,Cameroon
TXN0000957,ACC0000040,2024-11-01 05:20:00,4582.81,XAF,DEBIT,Retrait GAB – Douala,MOBILE,Cameroon
TXN0000958,ACC0000055,2024-11-25 00:11:00,22090.81,XAF,DEBIT,Frais bancaires,WEB,Cameroon
TXN0000959,ACC0000061,2024-09-01 15:55:00,106588.54,XAF,DEBIT,Achat Jumia,ATM,Cameroon
TXN0000960,ACC0000068,2025-01-07 05:48:00,91932.86,XAF,DEBIT,Achat carburant,ATM,Cameroon
TXN0000961,ACC0000095,2024-11-29 17:16:00,6711.65,XAF,CREDIT,Virement – Yaoundé,ATM,Cameroon
TXN0000962,ACC0000067,2025-01-02 03:17:00,18341.28,USD,DEBIT,Achat supermarché en ligne,POS,Cameroon
TXN0000963,ACC0000019,2024-12-01 15:01:00,704738.77,XAF,CREDIT,Loyer – Douala,INTERNAL,Cameroon
TXN0000964,ACC0000049,2024-09-28 08:56:00,519035.85,USD,CREDIT,Paiement ENEO – Douala,ATM,Cameroon
TXN0000965,ACC0000045,2024-11-24 12:37:00,944264.69,XAF,DEBIT,Recharge Orange Money,WEB,Cameroon
TXN0000966,ACC0000044,2024-10-02 13:50:00,919840.92,XAF,DEBIT,Essence,MOBILE,Cameroon
TXN0000967,ACC0000088,2024-10-08 14:43:00,918437.88,XAF,CREDIT,Paiement ENEO,POS,Cameroon
TXN0000968,ACC0000037,2024-09-17 09:00:00,208807.06,XAF,CREDIT,Salaire,TRANSFER,Cameroon
TXN0000969,ACC0000056,2024-11-30 21:53:00,241107.49,XAF,DEBIT,Essence mensuel,INTERNAL,Gabon
TXN0000970,ACC0000020,2024-09-23 22:17:00,697201.32,USD,CREDIT,Achat Jumia,ATM,Cameroon
TXN0000971,ACC0000061,2024-11-30 07:51:00,9962.9,XAF,CREDIT,Salaire – Yaoundé,ATM,Cameroon
TXN0000972,ACC0000023,2024-12-21 21:56:00,550524.54,XAF,DEBIT,Essence – Douala,TRANSFER,Cameroon
TXN0000973,ACC0000039,2024-11-18 02:19:00,598017.93,XAF,CREDIT,Achat supermarché en ligne,TRANSFER,Cameroon
TXN0000974,ACC0000068,2024-12-23 22:20:00,651849.63,XAF,DEBIT,Retrait GAB – Yaoundé,TRANSFER,Cameroon
TXN0000975,ACC0000053,2024-12-28 00:58:00,909744.69,XAF,CREDIT,Salaire – Douala,WEB,Cameroon
TXN0000976,ACC0000032,2025-01-10 11:08:00,855217.06,XAF,DEBIT,Virement en ligne,POS,Cameroon
TXN0000977,ACC0000001,2024-12-28 16:29:00,2574.15,XAF,DEBIT,Remboursement prêt,MOBILE,Cameroon
TXN0000978,ACC0000013,2024-11-14 18:30:00,21675.7,USD,DEBIT,Virement reçu diaspora mensuel,INTERNAL,Cameroon
TXN0000979,ACC0000092,2024-09-14 22:13:00,535260.64,XAF,CREDIT,Achat supermarché – Douala,INTERNAL,Cameroon
TXN0000980,ACC0000020,2024-11-17 20:19:00,23445.01,USD,CREDIT,Achat Jumia,POS,Cameroon
TXN0000981,ACC0000001,2024-10-10 19:56:00,94729.86,XAF,DEBIT,Salaire en ligne,MOBILE,Cameroon
TXN0000982,ACC0000057,2024-12-10 01:59:00,386115.8,XAF,DEBIT,Remboursement prêt – Douala,WEB,Cameroon
TXN0000983,ACC0000079,2024-12-22 21:39:00,141495.31,XAF,DEBIT,Achat supermarché – Douala,INTERNAL,Cameroon
TXN0000984,ACC0000022,2025-01-09 23:44:00,453922.0,XAF,DEBIT,Essence,MOBILE,China
TXN0000985,ACC0000048,2024-11-10 12:24:00,3129.73,XAF,CREDIT,Remboursement prêt en ligne,POS,Cameroon
TXN0000986,ACC0000059,2024-10-01 18:24:00,289715.21,XAF,CREDIT,Retrait GAB,ATM,China
TXN0000987,ACC0000093,2024-12-27 08:00:00,9264.82,XAF,CREDIT,Recharge Orange Money – Yaoundé,INTERNAL,Cameroon
TXN0000988,ACC0000066,2024-09-17 05:41:00,624168.92,XAF,CREDIT,Loyer en ligne,INTERNAL,Cameroon
TXN0000989,ACC0000018,2024-11-11 21:19:00,2171.15,XAF,CREDIT,Intérêts crédités en ligne,WEB,Cameroon
TXN0000990,ACC0000074,2025-01-08 21:33:00,663786.96,XAF,CREDIT,Achat Jumia – Yaoundé,WEB,Cameroon
TXN0000991,ACC0000052,2024-09-18 01:01:00,4399.9,EUR,DEBIT,Frais bancaires,TRANSFER,China
TXN0000992,ACC0000042,2024-10-30 23:50:00,855105.21,XAF,DEBIT,Virement reçu diaspora en ligne,TRANSFER,Cameroon
TXN0000993,ACC0000008,2024-11-04 03:02:00,2285.6,XAF,DEBIT,Achat Jumia,MOBILE,Cameroon
TXN0000994,ACC0000042,2024-09-28 22:28:00,939460.71,XAF,CREDIT,Paiement ENEO – Douala,POS,Cameroon
TXN0000995,ACC0000057,2024-11-13 07:12:00,11134.54,XAF,CREDIT,Achat carburant – Douala,MOBILE,Cameroon
TXN0000996,ACC0000081,2024-09-25 06:02:00,22385.63,XAF,DEBIT,Achat carburant en ligne,WEB,Cameroon
TXN0000997,ACC0000010,2024-11-27 05:43:00,22819.22,XAF,CREDIT,Retrait GAB – Douala,POS,Cameroon
TXN0000998,ACC0000061,2025-01-07 11:22:00,532086.35,XAF,DEBIT,Achat carburant,TRANSFER,Cameroon
TXN0000999,ACC0000049,2024-09-19 18:05:00,492832.78,USD,DEBIT,Salaire en ligne,POS,Cameroon
TXN0001000,ACC0000070,2024-11-24 00:14:00,7602.46,EUR,DEBIT,Intérêts crédités,ATM,Cameroon
